candidate,step,case,num_prb,ebno_db,loss,coded_bit_nll,channel_nll,calibration_penalty,gradient_norm,validation_score,contract_signature
physical_context_multiscale_r64,0,factorial_train_umi_4prb,4,-2.0,0.5245219469070435,0.4916876256465912,0.014298166148364544,0.6423883438110352,0.17081467807292938,0.5468787785104585,968d1af2feee7c0c1bf30f8204c77af74179369927ee37854fb204fd01554a8d
physical_context_multiscale_r64,40,factorial_train_umi_4prb,4,-0.20946137161588507,0.41506049036979675,0.3943597972393036,-0.5772679448127747,0.9912817478179932,0.3645738661289215,nan,968d1af2feee7c0c1bf30f8204c77af74179369927ee37854fb204fd01554a8d
physical_context_multiscale_r64,80,factorial_train_umi_4prb,4,1.5810772567682299,0.2953835427761078,0.3369269371032715,-1.038631796836853,0.20776407420635223,0.13629494607448578,nan,968d1af2feee7c0c1bf30f8204c77af74179369927ee37854fb204fd01554a8d
physical_context_multiscale_r64,120,factorial_train_umi_4prb,4,3.3716158851523446,0.21329766511917114,0.26288464665412903,-1.3818817138671875,0.39014220237731934,0.1791405826807022,nan,968d1af2feee7c0c1bf30f8204c77af74179369927ee37854fb204fd01554a8d
physical_context_multiscale_r64,160,factorial_train_umi_4prb,4,5.16215451353646,0.159310445189476,0.21673810482025146,-1.4876989126205444,0.3391458988189697,0.1757463812828064,nan,968d1af2feee7c0c1bf30f8204c77af74179369927ee37854fb204fd01554a8d
physical_context_multiscale_r64,200,factorial_train_umi_4prb,4,6.952693141920575,0.29124873876571655,0.3349490165710449,-0.9138333201408386,0.039827749133110046,0.3033733665943146,0.3079230129890683,968d1af2feee7c0c1bf30f8204c77af74179369927ee37854fb204fd01554a8d
physical_context_multiscale_r64,240,factorial_train_umi_4prb,4,8.74323177030469,0.05628925561904907,0.09761942923069,-1.8938127756118774,1.0672093629837036,0.4409834146499634,nan,968d1af2feee7c0c1bf30f8204c77af74179369927ee37854fb204fd01554a8d
physical_context_multiscale_r64,280,factorial_train_umi_4prb,4,10.533770398688803,0.03301612287759781,0.10521713644266129,-1.719393014907837,0.2753727436065674,0.21687579154968262,nan,968d1af2feee7c0c1bf30f8204c77af74179369927ee37854fb204fd01554a8d
physical_context_multiscale_r64,320,factorial_train_umi_4prb,4,12.32430902707292,0.008635923266410828,0.08579433709383011,-1.9882651567459106,0.4450969398021698,0.2673300504684448,nan,968d1af2feee7c0c1bf30f8204c77af74179369927ee37854fb204fd01554a8d
physical_context_multiscale_r64,360,factorial_train_umi_4prb,4,-1.8851523445429663,0.3965013325214386,0.4433225095272064,-0.936585009098053,0.0001617726229596883,0.11603993922472,nan,968d1af2feee7c0c1bf30f8204c77af74179369927ee37854fb204fd01554a8d
physical_context_multiscale_r64,400,factorial_train_umi_4prb,4,-0.09461371615885161,0.27815279364585876,0.34070512652397156,-1.3098721504211426,0.058825861662626266,0.033772148191928864,0.283457094967994,968d1af2feee7c0c1bf30f8204c77af74179369927ee37854fb204fd01554a8d
physical_context_multiscale_r64,440,factorial_train_umi_4prb,4,1.6959249122252635,0.23926784098148346,0.3053048551082611,-1.3325451612472534,0.011804858222603798,0.14934393763542175,nan,968d1af2feee7c0c1bf30f8204c77af74179369927ee37854fb204fd01554a8d
physical_context_multiscale_r64,480,factorial_train_umi_4prb,4,3.4864635406093782,0.17128923535346985,0.23944886028766632,-1.3631930351257324,4.6107354023661173e-07,0.14408230781555176,nan,968d1af2feee7c0c1bf30f8204c77af74179369927ee37854fb204fd01554a8d
physical_context_multiscale_r64,520,factorial_train_umi_4prb,4,5.277002168993493,0.1369505077600479,0.20589974522590637,-1.3863396644592285,0.007354884408414364,0.20656132698059082,nan,968d1af2feee7c0c1bf30f8204c77af74179369927ee37854fb204fd01554a8d
physical_context_multiscale_r64,560,factorial_train_umi_4prb,4,7.0675407973776085,0.03373394533991814,0.09091257303953171,-2.2247118949890137,1.081139326095581,0.4310441017150879,nan,968d1af2feee7c0c1bf30f8204c77af74179369927ee37854fb204fd01554a8d
physical_context_multiscale_r64,600,factorial_train_umi_4prb,4,8.858079425761723,-0.015302307903766632,0.0772436335682869,-2.1402482986450195,0.2893294394016266,0.1782798320055008,0.2725745500193962,968d1af2feee7c0c1bf30f8204c77af74179369927ee37854fb204fd01554a8d
physical_context_multiscale_r64,640,factorial_train_umi_4prb,4,10.648618054145837,0.0069813597947359085,0.09663715958595276,-1.8066319227218628,0.013515987433493137,0.06232554465532303,nan,968d1af2feee7c0c1bf30f8204c77af74179369927ee37854fb204fd01554a8d
physical_context_multiscale_r64,680,factorial_train_umi_4prb,4,12.439156682529953,-0.044782526791095734,0.056458283215761185,-2.1113576889038086,0.0865415632724762,0.08492251485586166,nan,968d1af2feee7c0c1bf30f8204c77af74179369927ee37854fb204fd01554a8d
physical_context_multiscale_r64,720,factorial_train_umi_4prb,4,-1.7703046890859326,0.3288467526435852,0.39095720648765564,-1.2439967393875122,0.0017877017380669713,0.07099426537752151,nan,968d1af2feee7c0c1bf30f8204c77af74179369927ee37854fb204fd01554a8d
physical_context_multiscale_r64,760,factorial_train_umi_4prb,4,0.02023393929818207,0.2984972596168518,0.3632311224937439,-1.3109573125839233,0.01628069579601288,0.17260687053203583,nan,968d1af2feee7c0c1bf30f8204c77af74179369927ee37854fb204fd01554a8d
physical_context_multiscale_r64,800,factorial_train_umi_4prb,4,1.8107725676822968,0.27464747428894043,0.32875126600265503,-1.1652170419692993,0.0831415057182312,0.4227018654346466,0.26460717424463875,968d1af2feee7c0c1bf30f8204c77af74179369927ee37854fb204fd01554a8d
physical_context_multiscale_r64,840,factorial_train_umi_4prb,4,3.601311196066412,0.12022566050291061,0.20936453342437744,-1.8043577671051025,0.021580340340733528,0.0492655411362648,nan,968d1af2feee7c0c1bf30f8204c77af74179369927ee37854fb204fd01554a8d
physical_context_multiscale_r64,880,factorial_train_umi_4prb,4,5.391849824450527,0.1657157987356186,0.23012955486774445,-1.3650281429290771,0.0767531469464302,0.3272351324558258,nan,968d1af2feee7c0c1bf30f8204c77af74179369927ee37854fb204fd01554a8d
physical_context_multiscale_r64,920,factorial_train_umi_4prb,4,7.182388452834642,0.08005212247371674,0.17319637537002563,-1.8902162313461304,0.027331316843628883,0.01152502465993166,nan,968d1af2feee7c0c1bf30f8204c77af74179369927ee37854fb204fd01554a8d
physical_context_multiscale_r64,960,factorial_train_umi_4prb,4,8.972927081218756,-0.057403936982154846,0.03760557249188423,-2.482415199279785,0.58222496509552,0.32251107692718506,nan,968d1af2feee7c0c1bf30f8204c77af74179369927ee37854fb204fd01554a8d
physical_context_multiscale_r64,1000,factorial_train_umi_4prb,4,10.76346570960287,-0.04233128949999809,0.04722575470805168,-2.545713186264038,0.7545722126960754,0.39537513256073,0.2600120908565095,968d1af2feee7c0c1bf30f8204c77af74179369927ee37854fb204fd01554a8d
physical_context_multiscale_r64,1040,factorial_train_umi_4prb,4,12.554004337986987,-0.042607665061950684,0.05706702545285225,-2.600337028503418,0.6068432331085205,0.3038840591907501,nan,968d1af2feee7c0c1bf30f8204c77af74179369927ee37854fb204fd01554a8d
physical_context_multiscale_r64,1080,factorial_train_umi_4prb,4,-1.6554570336288992,0.36440926790237427,0.4152299463748932,-1.0653990507125854,0.04898545891046524,0.17997734248638153,nan,968d1af2feee7c0c1bf30f8204c77af74179369927ee37854fb204fd01554a8d
physical_context_multiscale_r64,1120,factorial_train_umi_4prb,4,0.13508159475521575,0.23744165897369385,0.31745174527168274,-1.6115076541900635,0.011305867694318295,0.020295072346925735,nan,968d1af2feee7c0c1bf30f8204c77af74179369927ee37854fb204fd01554a8d
physical_context_multiscale_r64,1160,factorial_train_umi_4prb,4,1.9256202231393305,0.13658885657787323,0.21766293048858643,-1.9633115530014038,0.3418300151824951,0.19326072931289673,nan,968d1af2feee7c0c1bf30f8204c77af74179369927ee37854fb204fd01554a8d
physical_context_multiscale_r64,1200,factorial_train_umi_4prb,4,3.7161588515234456,0.09257344156503677,0.18775102496147156,-1.9839986562728882,0.08044701814651489,0.032242223620414734,0.25692750988345114,968d1af2feee7c0c1bf30f8204c77af74179369927ee37854fb204fd01554a8d
physical_context_multiscale_r64,1240,factorial_train_umi_4prb,4,5.50669747990756,0.006309688091278076,0.09353560954332352,-2.4547829627990723,0.7102645635604858,0.3372860848903656,nan,968d1af2feee7c0c1bf30f8204c77af74179369927ee37854fb204fd01554a8d
physical_context_multiscale_r64,1280,factorial_train_umi_4prb,4,7.297236108291676,-0.014207419008016586,0.09658142179250717,-2.2724483013153076,0.05667157098650932,0.040016237646341324,nan,968d1af2feee7c0c1bf30f8204c77af74179369927ee37854fb204fd01554a8d
physical_context_multiscale_r64,1320,factorial_train_umi_4prb,4,9.08777473667579,0.08715011179447174,0.18194647133350372,-1.927524209022522,0.031597018241882324,0.24851296842098236,nan,968d1af2feee7c0c1bf30f8204c77af74179369927ee37854fb204fd01554a8d
physical_context_multiscale_r64,1360,factorial_train_umi_4prb,4,10.878313365059904,-0.04083951935172081,0.069945327937603,-2.2174832820892334,0.0017864295514300466,0.08924469351768494,nan,968d1af2feee7c0c1bf30f8204c77af74179369927ee37854fb204fd01554a8d
physical_context_multiscale_r64,1400,factorial_train_umi_4prb,4,12.66885199344402,-0.06313483417034149,0.0337693989276886,-2.7180802822113037,0.7799956798553467,0.3804609775543213,0.25516102938811097,968d1af2feee7c0c1bf30f8204c77af74179369927ee37854fb204fd01554a8d
physical_context_multiscale_r64,1440,factorial_train_umi_4prb,4,-1.5406093781718655,0.3048242926597595,0.37447890639305115,-1.39405357837677,0.0009611566783860326,0.05821334570646286,nan,968d1af2feee7c0c1bf30f8204c77af74179369927ee37854fb204fd01554a8d
physical_context_multiscale_r64,1480,factorial_train_umi_4prb,4,0.24992925021224943,0.21491870284080505,0.3013257086277008,-1.7464165687561035,0.018276682123541832,0.0346376933157444,nan,968d1af2feee7c0c1bf30f8204c77af74179369927ee37854fb204fd01554a8d
physical_context_multiscale_r64,1520,factorial_train_umi_4prb,4,2.040467878596364,0.16749361157417297,0.2642897665500641,-2.1439735889434814,0.20805057883262634,0.1080109030008316,nan,968d1af2feee7c0c1bf30f8204c77af74179369927ee37854fb204fd01554a8d
physical_context_multiscale_r64,1560,factorial_train_umi_4prb,4,3.8310065069804793,0.1167960837483406,0.2125527411699295,-1.9204902648925781,0.005357066635042429,0.016993075609207153,nan,968d1af2feee7c0c1bf30f8204c77af74179369927ee37854fb204fd01554a8d
physical_context_multiscale_r64,1599,factorial_train_umi_8prb,8,-1.0965147104558688,0.2971642017364502,0.3699946999549866,-1.474427342414856,0.01781788468360901,0.028968075290322304,0.25463656867690176,968d1af2feee7c0c1bf30f8204c77af74179369927ee37854fb204fd01554a8d
