candidate,step,case,ebno_db,loss,coded_bit_nll,channel_nll,calibration_penalty,gradient_norm,validation_score,contract_signature
global_r24_cold_lf1_lt0p5,0,joint_umi_type1_2user_2layer,-2.0,0.5473372340202332,0.5401089787483215,0.0976148322224617,0.11737699806690216,0.13140252232551575,0.6831968131556798,5a150f2a8d49fcf251f371c32f43aeddf2020da931bd46b7bdbdd76eddea9e11
global_r24_cold_lf1_lt0p5,40,joint_umi_type1_2user_2layer,-0.6570960287119139,0.5191696882247925,0.5174875259399414,-0.07671025395393372,0.27588188648223877,0.11730990558862686,nan,5a150f2a8d49fcf251f371c32f43aeddf2020da931bd46b7bdbdd76eddea9e11
global_r24_cold_lf1_lt0p5,80,joint_umi_type1_2user_2layer,0.6858079425761723,0.5101637244224548,0.510042130947113,-0.0556308813393116,0.14515800774097443,0.1343875378370285,nan,5a150f2a8d49fcf251f371c32f43aeddf2020da931bd46b7bdbdd76eddea9e11
global_r24_cold_lf1_lt0p5,120,joint_umi_type1_2user_2layer,2.0287119138642584,0.45241498947143555,0.4587761461734772,-0.2463700771331787,0.2978668212890625,0.1017238050699234,nan,5a150f2a8d49fcf251f371c32f43aeddf2020da931bd46b7bdbdd76eddea9e11
global_r24_cold_lf1_lt0p5,160,joint_umi_type1_2user_2layer,3.3716158851523446,0.39476048946380615,0.4059300422668457,-0.350814551115036,0.318558007478714,0.15338827669620514,nan,5a150f2a8d49fcf251f371c32f43aeddf2020da931bd46b7bdbdd76eddea9e11
global_r24_cold_lf1_lt0p5,200,joint_umi_type1_2user_2layer,4.714519856440431,0.4381831884384155,0.45281416177749634,-0.357037216424942,0.16104473173618317,0.130036398768425,0.5937118155926233,5a150f2a8d49fcf251f371c32f43aeddf2020da931bd46b7bdbdd76eddea9e11
global_r24_cold_lf1_lt0p5,240,joint_umi_type1_2user_2layer,6.057423827728517,0.3614530861377716,0.3840038776397705,-0.6130667924880981,0.40512746572494507,0.10979679971933365,nan,5a150f2a8d49fcf251f371c32f43aeddf2020da931bd46b7bdbdd76eddea9e11
global_r24_cold_lf1_lt0p5,280,joint_umi_type1_2user_2layer,7.400327799016603,0.4022006392478943,0.4312550127506256,-0.7200046181678772,0.3472919464111328,0.10890106856822968,nan,5a150f2a8d49fcf251f371c32f43aeddf2020da931bd46b7bdbdd76eddea9e11
global_r24_cold_lf1_lt0p5,320,joint_umi_type1_2user_2layer,8.74323177030469,0.2738178074359894,0.30880028009414673,-0.9623688459396362,0.6567981243133545,0.10952777415513992,nan,5a150f2a8d49fcf251f371c32f43aeddf2020da931bd46b7bdbdd76eddea9e11
global_r24_cold_lf1_lt0p5,360,joint_umi_type1_2user_2layer,-1.9138642584072247,0.43533042073249817,0.46025243401527405,-0.6571567058563232,0.3967908024787903,0.05344148725271225,nan,5a150f2a8d49fcf251f371c32f43aeddf2020da931bd46b7bdbdd76eddea9e11
global_r24_cold_lf1_lt0p5,400,joint_umi_type1_2user_2layer,-0.5709602871191386,0.3549255132675171,0.38673487305641174,-0.7607240676879883,0.3113415539264679,0.06706181913614273,0.5272703693065235,5a150f2a8d49fcf251f371c32f43aeddf2020da931bd46b7bdbdd76eddea9e11
global_r24_cold_lf1_lt0p5,440,joint_umi_type1_2user_2layer,0.7719436841689475,0.3856198489665985,0.424819678068161,-0.9343298077583313,0.37583255767822266,0.05654340609908104,nan,5a150f2a8d49fcf251f371c32f43aeddf2020da931bd46b7bdbdd76eddea9e11
global_r24_cold_lf1_lt0p5,480,joint_umi_type1_2user_2layer,2.1148476554570337,0.2786370813846588,0.32489079236984253,-1.0947157144546509,0.42410311102867126,0.07167623192071915,nan,5a150f2a8d49fcf251f371c32f43aeddf2020da931bd46b7bdbdd76eddea9e11
global_r24_cold_lf1_lt0p5,520,joint_umi_type1_2user_2layer,3.45775162674512,0.32308489084243774,0.37635326385498047,-1.1987096071243286,0.33335527777671814,0.059183042496442795,nan,5a150f2a8d49fcf251f371c32f43aeddf2020da931bd46b7bdbdd76eddea9e11
global_r24_cold_lf1_lt0p5,560,joint_umi_type1_2user_2layer,4.800655598033206,0.27363595366477966,0.333478182554245,-1.3506412506103516,0.3844916522502899,0.06542610377073288,nan,5a150f2a8d49fcf251f371c32f43aeddf2020da931bd46b7bdbdd76eddea9e11
global_r24_cold_lf1_lt0p5,600,joint_umi_type1_2user_2layer,6.143559569321292,0.2158311903476715,0.2819547653198242,-1.484169840812683,0.40424612164497375,0.0670265480875969,0.48273466960626804,5a150f2a8d49fcf251f371c32f43aeddf2020da931bd46b7bdbdd76eddea9e11
global_r24_cold_lf1_lt0p5,640,joint_umi_type1_2user_2layer,7.486463540609378,0.26478490233421326,0.32420989871025085,-1.1900818347930908,0.003955394960939884,0.0939449593424797,nan,5a150f2a8d49fcf251f371c32f43aeddf2020da931bd46b7bdbdd76eddea9e11
global_r24_cold_lf1_lt0p5,680,joint_umi_type1_2user_2layer,8.829367511897464,0.13112568855285645,0.20736129581928253,-1.6233137845993042,0.2465038001537323,0.07173877209424973,nan,5a150f2a8d49fcf251f371c32f43aeddf2020da931bd46b7bdbdd76eddea9e11
global_r24_cold_lf1_lt0p5,720,joint_umi_type1_2user_2layer,-1.8277285168144495,0.35607147216796875,0.4047435522079468,-1.0559667348861694,0.20631244778633118,0.03927185386419296,nan,5a150f2a8d49fcf251f371c32f43aeddf2020da931bd46b7bdbdd76eddea9e11
global_r24_cold_lf1_lt0p5,760,joint_umi_type1_2user_2layer,-0.48482454552636334,0.3551095426082611,0.41190385818481445,-1.2644734382629395,0.3214670717716217,0.03087986633181572,nan,5a150f2a8d49fcf251f371c32f43aeddf2020da931bd46b7bdbdd76eddea9e11
global_r24_cold_lf1_lt0p5,800,joint_umi_type1_2user_2layer,0.8580794257617228,0.2806612253189087,0.34077322483062744,-1.23943293094635,0.09298139810562134,0.04105012118816376,0.45978672867528403,5a150f2a8d49fcf251f371c32f43aeddf2020da931bd46b7bdbdd76eddea9e11
global_r24_cold_lf1_lt0p5,840,joint_umi_type1_2user_2layer,2.200983397049809,0.35829129815101624,0.4035618007183075,-0.918198823928833,0.03197155147790909,0.04292973130941391,nan,5a150f2a8d49fcf251f371c32f43aeddf2020da931bd46b7bdbdd76eddea9e11
global_r24_cold_lf1_lt0p5,880,joint_umi_type1_2user_2layer,3.543887368337895,0.21636128425598145,0.2933160662651062,-1.6923245191574097,0.38307204842567444,0.0360165610909462,nan,5a150f2a8d49fcf251f371c32f43aeddf2020da931bd46b7bdbdd76eddea9e11
global_r24_cold_lf1_lt0p5,920,joint_umi_type1_2user_2layer,4.886791339625981,0.2829364538192749,0.3425731062889099,-1.2012211084365845,0.02122013084590435,0.0499543733894825,nan,5a150f2a8d49fcf251f371c32f43aeddf2020da931bd46b7bdbdd76eddea9e11
global_r24_cold_lf1_lt0p5,960,joint_umi_type1_2user_2layer,6.229695310914067,0.1192990392446518,0.20716969668865204,-1.8961480855941772,0.3468376398086548,0.040067825466394424,nan,5a150f2a8d49fcf251f371c32f43aeddf2020da931bd46b7bdbdd76eddea9e11
global_r24_cold_lf1_lt0p5,1000,joint_umi_type1_2user_2layer,7.5725992822021535,0.19200192391872406,0.2547658681869507,-1.2780414819717407,0.05690708011388779,0.0547240786254406,0.44848946975315834,5a150f2a8d49fcf251f371c32f43aeddf2020da931bd46b7bdbdd76eddea9e11
global_r24_cold_lf1_lt0p5,1040,joint_umi_type1_2user_2layer,8.91550325349024,0.20606976747512817,0.29667994379997253,-1.836708903312683,0.06126320734620094,0.05251718685030937,nan,5a150f2a8d49fcf251f371c32f43aeddf2020da931bd46b7bdbdd76eddea9e11
global_r24_cold_lf1_lt0p5,1080,joint_umi_type1_2user_2layer,-1.7415927752216742,0.37241584062576294,0.429293155670166,-1.2126051187515259,0.18764713406562805,0.02105160988867283,nan,5a150f2a8d49fcf251f371c32f43aeddf2020da931bd46b7bdbdd76eddea9e11
global_r24_cold_lf1_lt0p5,1120,joint_umi_type1_2user_2layer,-0.3986888039335881,0.34068563580513,0.4045906066894531,-1.3432965278625488,0.16299274563789368,0.018117990344762802,nan,5a150f2a8d49fcf251f371c32f43aeddf2020da931bd46b7bdbdd76eddea9e11
global_r24_cold_lf1_lt0p5,1160,joint_umi_type1_2user_2layer,0.9442151673544981,0.2851354777812958,0.35832759737968445,-1.6229252815246582,0.39770790934562683,0.025631152093410492,nan,5a150f2a8d49fcf251f371c32f43aeddf2020da931bd46b7bdbdd76eddea9e11
global_r24_cold_lf1_lt0p5,1199,joint_cdl_a_single_user_2layer,9.438629684110946,0.2587050199508667,0.3527810573577881,-2.418215036392212,1.341736078262329,0.03732045367360115,0.4408131243651845,5a150f2a8d49fcf251f371c32f43aeddf2020da931bd46b7bdbdd76eddea9e11
