step,case,num_prb,scenario,ebno_db,training_seed,learning_rate,proposed_loss,single_loss,proposed_bit_nll,single_bit_nll,proposed_channel_nmse,single_channel_nmse,proposed_gradient_norm,single_gradient_norm,proposed_validation_score,single_validation_score,proposed_best_score,single_best_score,contract_signature
0,gate2_train_umi_t1_4prb,4,umi,-0.40590572357177734,2056091701,0.002,0.7274994254112244,2.233449697494507,0.4966745376586914,0.977131724357605,0.43693670630455017,0.8806979060173035,0.1296304315328598,1.5982425212860107,0.6496291295400937,1.0372366124364802,0.6496291295400937,1.0372366124364802,855ecb1f7ea2e53287e669988ddbf61cb1552e64d1834504309aa647114239be
25,gate2_train_umi_t1_8prb,8,umi,6.813051223754883,2056091726,0.0019999151560197007,0.5311262607574463,1.4217908382415771,0.3229396641254425,0.43143293261528015,0.34770694375038147,0.4768436551094055,0.14383277297019958,1.1869103908538818,nan,nan,0.6496291295400937,1.0372366124364802,855ecb1f7ea2e53287e669988ddbf61cb1552e64d1834504309aa647114239be
50,gate2_train_umi_t1_12prb,12,umi,5.3082685470581055,2056091751,0.001999660638621229,0.5766040086746216,1.3014944791793823,0.36823922395706177,0.43313834071159363,0.3529154658317566,0.44437921047210693,0.1126164048910141,1.0052721500396729,nan,nan,0.6496291295400937,1.0372366124364802,855ecb1f7ea2e53287e669988ddbf61cb1552e64d1834504309aa647114239be
75,gate2_train_umi_t2_12prb,12,umi,8.715091705322266,2056091776,0.0019992364914293717,0.5402512550354004,1.1980758905410767,0.32691994309425354,0.3744160532951355,0.34953632950782776,0.40043243765830994,0.10747498273849487,0.87422776222229,nan,nan,0.6496291295400937,1.0372366124364802,855ecb1f7ea2e53287e669988ddbf61cb1552e64d1834504309aa647114239be
100,gate2_train_uma_t1_12prb,12,uma,-1.5711069107055664,2056091801,0.001998642787143797,0.7344401478767395,1.4654992818832397,0.5074776411056519,0.6657059192657471,0.4183311462402344,0.6670646071434021,0.06628166884183884,0.9030661582946777,nan,nan,0.6496291295400937,1.0372366124364802,855ecb1f7ea2e53287e669988ddbf61cb1552e64d1834504309aa647114239be
125,gate2_train_cdl_a_2layer_12prb,12,cdl-a,2.6232261657714844,2056091826,0.0019978796275265946,0.7927178740501404,1.294892430305481,0.6039501428604126,0.6533530950546265,0.3486081063747406,0.3956027328968048,0.04330587387084961,0.6720225214958191,nan,nan,0.6496291295400937,1.0372366124364802,855ecb1f7ea2e53287e669988ddbf61cb1552e64d1834504309aa647114239be
125,gate2_train_cdl_a_2layer_12prb,12,cdl-a,2.6232261657714844,2056091826,0.0019978796275265946,0.7927178740501404,1.294892430305481,0.6039501428604126,0.6533530950546265,0.3486081063747406,0.3956027328968048,0.04330587387084961,0.6720225811004639,nan,nan,0.6496291295400937,1.0372366124364802,855ecb1f7ea2e53287e669988ddbf61cb1552e64d1834504309aa647114239be
150,gate2_train_umi_t1_4prb,4,umi,1.9394817352294922,2056091851,0.0019969471433848355,0.6217184662818909,1.4881969690322876,0.444144606590271,0.7077625393867493,0.3907134532928467,0.6915347576141357,0.0772404745221138,0.9571293592453003,nan,nan,0.6496291295400937,1.0372366124364802,855ecb1f7ea2e53287e669988ddbf61cb1552e64d1834504309aa647114239be
175,gate2_train_umi_t1_8prb,8,umi,0.6754884719848633,2056091876,0.0019958454945481477,0.619073748588562,1.2209558486938477,0.4270946979522705,0.5630773901939392,0.3831651210784912,0.5741960406303406,0.06379742920398712,0.7390471696853638,nan,nan,0.6496291295400937,1.0372366124364802,855ecb1f7ea2e53287e669988ddbf61cb1552e64d1834504309aa647114239be
200,gate2_train_umi_t1_12prb,12,umi,9.26042366027832,2056091901,0.001994574869841323,0.4693306088447571,0.8571876287460327,0.2987792193889618,0.31551581621170044,0.3406483829021454,0.36064237356185913,0.053185924887657166,0.5059517621994019,nan,nan,0.6496291295400937,1.0372366124364802,855ecb1f7ea2e53287e669988ddbf61cb1552e64d1834504309aa647114239be
225,gate2_train_umi_t2_12prb,12,umi,7.623135566711426,2056091926,0.001993135487051953,0.4979962408542633,0.9104558229446411,0.311349481344223,0.350178062915802,0.3438810110092163,0.38587841391563416,0.05328097194433212,0.5114959478378296,nan,nan,0.6496291295400937,1.0372366124364802,855ecb1f7ea2e53287e669988ddbf61cb1552e64d1834504309aa647114239be
250,gate2_train_uma_t1_12prb,12,uma,7.000446319580078,2056091951,0.0019915275928930986,0.5056623816490173,0.8516435623168945,0.3355485796928406,0.3546890914440155,0.34869709610939026,0.37448829412460327,0.03692621365189552,0.4426487982273102,0.5839418382636414,0.7606346796254714,0.5839418382636414,0.7606346796254714,855ecb1f7ea2e53287e669988ddbf61cb1552e64d1834504309aa647114239be
275,gate2_train_cdl_a_2layer_12prb,12,cdl-a,-0.3228750228881836,2056091976,0.0019897514629610025,0.7496151924133301,1.067421555519104,0.568588137626648,0.597267746925354,0.3597632050514221,0.41480523347854614,0.02526180073618889,0.41971415281295776,nan,nan,0.5839418382636414,0.7606346796254714,855ecb1f7ea2e53287e669988ddbf61cb1552e64d1834504309aa647114239be
300,gate2_train_umi_t1_4prb,4,umi,-1.9338932037353516,2056092001,0.001987807401687853,0.708852231502533,1.2988632917404175,0.5274962186813354,0.7373182773590088,0.4552001357078552,0.741188108921051,0.045381758362054825,0.6453084945678711,nan,nan,0.5839418382636414,0.7606346796254714,855ecb1f7ea2e53287e669988ddbf61cb1552e64d1834504309aa647114239be
325,gate2_train_umi_t1_8prb,8,umi,4.634857177734375,2056092026,0.0019856957422896013,0.536403477191925,0.8831687569618225,0.37745076417922974,0.43343332409858704,0.3474290072917938,0.4143923819065094,0.03801596909761429,0.40803027153015137,nan,nan,0.5839418382636414,0.7606346796254714,855ecb1f7ea2e53287e669988ddbf61cb1552e64d1834504309aa647114239be
350,gate2_train_umi_t1_12prb,12,umi,13.258512496948242,2056092051,0.001983416846708851,0.3786720633506775,0.6343902349472046,0.23392510414123535,0.2411382645368576,0.32941100001335144,0.3377554714679718,0.03320175036787987,0.3135542869567871,nan,nan,0.5839418382636414,0.7606346796254714,855ecb1f7ea2e53287e669988ddbf61cb1552e64d1834504309aa647114239be
375,gate2_train_umi_t2_12prb,12,umi,1.013265609741211,2056092076,0.0019809711055528184,0.6064197421073914,0.9147028923034668,0.41444775462150574,0.4702185094356537,0.3736165761947632,0.45564448833465576,0.02730151265859604,0.36083924770355225,nan,nan,0.5839418382636414,0.7606346796254714,855ecb1f7ea2e53287e669988ddbf61cb1552e64d1834504309aa647114239be
400,gate2_train_uma_t1_12prb,12,uma,9.591490745544434,2056092101,0.00197835893802638,0.4598446488380432,0.6967141032218933,0.306937575340271,0.31851813197135925,0.33921802043914795,0.35190752148628235,0.01970483921468258,0.2837279438972473,nan,nan,0.5839418382636414,0.7606346796254714,855ecb1f7ea2e53287e669988ddbf61cb1552e64d1834504309aa647114239be
425,gate2_train_cdl_a_2layer_12prb,12,cdl-a,8.1153564453125,2056092126,0.001975580791860223,0.6190456748008728,0.8385798931121826,0.4768408238887787,0.494020015001297,0.33004865050315857,0.33598288893699646,0.028335487470030785,0.27685561776161194,nan,nan,0.5839418382636414,0.7606346796254714,855ecb1f7ea2e53287e669988ddbf61cb1552e64d1834504309aa647114239be
450,gate2_train_umi_t1_4prb,4,umi,8.746044158935547,2056092151,0.001972637143234103,0.42776626348495483,0.8096434473991394,0.2981443703174591,0.40127232670783997,0.3412398099899292,0.43982189893722534,0.03719576448202133,0.39390167593955994,nan,nan,0.5839418382636414,0.7606346796254714,855ecb1f7ea2e53287e669988ddbf61cb1552e64d1834504309aa647114239be
475,gate2_train_umi_t1_8prb,8,umi,11.903970718383789,2056092176,0.001969528496695224,0.3791397511959076,0.6125835180282593,0.2513282895088196,0.27667659521102905,0.32527047395706177,0.3534408211708069,0.03175322711467743,0.24099834263324738,nan,nan,0.5839418382636414,0.7606346796254714,855ecb1f7ea2e53287e669988ddbf61cb1552e64d1834504309aa647114239be
500,gate2_train_umi_t1_12prb,12,umi,11.553987503051758,2056092201,0.0019662553850717584,0.4130525290966034,0.6066842079162598,0.27321183681488037,0.28041204810142517,0.3292684555053711,0.33778172731399536,0.020750517025589943,0.21464498341083527,0.5790537848994312,0.6837606860430072,0.5790537848994312,0.6837606860430072,855ecb1f7ea2e53287e669988ddbf61cb1552e64d1834504309aa647114239be
525,gate2_train_umi_t2_12prb,12,umi,3.7992334365844727,2056092226,0.001962818369381521,0.5082175135612488,0.7421543002128601,0.3371344804763794,0.37481483817100525,0.35131072998046875,0.3964155912399292,0.02734372951090336,0.22645728290081024,nan,nan,0.5790537848994312,0.6837606860430072,855ecb1f7ea2e53287e669988ddbf61cb1552e64d1834504309aa647114239be
550,gate2_train_uma_t1_12prb,12,uma,12.0786771774292,2056092251,0.0019592180387358075,0.467282772064209,0.6512882113456726,0.31080207228660583,0.32102659344673157,0.3426121473312378,0.3524893820285797,0.03471120819449425,0.20873455703258514,nan,nan,0.5790537848994312,0.6837606860430072,855ecb1f7ea2e53287e669988ddbf61cb1552e64d1834504309aa647114239be
575,gate2_train_cdl_a_2layer_12prb,12,cdl-a,11.254331588745117,2056092276,0.0019554550102384213,0.6045671105384827,0.7766450047492981,0.479428231716156,0.48955047130584717,0.32634276151657104,0.3291687071323395,0.027021100744605064,0.19838935136795044,nan,nan,0.5790537848994312,0.6837606860430072,855ecb1f7ea2e53287e669988ddbf61cb1552e64d1834504309aa647114239be
600,gate2_train_umi_t1_4prb,4,umi,6.479302406311035,2056092301,0.0019515299288798986,0.4636268615722656,0.7620940208435059,0.32897382974624634,0.42007508873939514,0.35353967547416687,0.4487603008747101,0.02301839552819729,0.2774951756000519,nan,nan,0.5790537848994312,0.6837606860430072,855ecb1f7ea2e53287e669988ddbf61cb1552e64d1834504309aa647114239be
625,gate2_train_umi_t1_8prb,8,umi,12.530970573425293,2056092326,0.0019474434674269575,0.36392906308174133,0.5622630715370178,0.2423781007528305,0.26867014169692993,0.32507845759391785,0.3522374629974365,0.023794090375304222,0.17108938097953796,nan,nan,0.5790537848994312,0.6837606860430072,855ecb1f7ea2e53287e669988ddbf61cb1552e64d1834504309aa647114239be
650,gate2_train_umi_t1_12prb,12,umi,4.873396873474121,2056092351,0.0019431963263071843,0.4645105302333832,0.6348554491996765,0.3165227174758911,0.333204060792923,0.3433409333229065,0.36332595348358154,0.023110955953598022,0.1467265486717224,nan,nan,0.5790537848994312,0.6837606860430072,855ecb1f7ea2e53287e669988ddbf61cb1552e64d1834504309aa647114239be
675,gate2_train_umi_t2_12prb,12,umi,-1.6066436767578125,2056092376,0.0019387892334889777,0.6741360425949097,0.8865130543708801,0.48721399903297424,0.5339925289154053,0.4006996750831604,0.4817012846469879,0.03464733064174652,0.20449906587600708,nan,nan,0.5790537848994312,0.6837606860430072,855ecb1f7ea2e53287e669988ddbf61cb1552e64d1834504309aa647114239be
700,gate2_train_uma_t1_12prb,12,uma,8.401995658874512,2056092401,0.0019342229443567746,0.47502264380455017,0.6275618672370911,0.3276229798793793,0.3373004198074341,0.3438429534435272,0.3569255471229553,0.020866308361291885,0.14266476035118103,nan,nan,0.5790537848994312,0.6837606860430072,855ecb1f7ea2e53287e669988ddbf61cb1552e64d1834504309aa647114239be
725,gate2_train_cdl_a_2layer_12prb,12,cdl-a,-1.2553682327270508,2056092426,0.0019294982415815753,0.7626585364341736,0.9132288694381714,0.6066978573799133,0.6164637207984924,0.35976794362068176,0.39207562804222107,0.0229549091309309,0.1398998349905014,nan,nan,0.5790537848994312,0.6837606860430072,855ecb1f7ea2e53287e669988ddbf61cb1552e64d1834504309aa647114239be
750,gate2_train_umi_t1_4prb,4,umi,5.678149223327637,2056092451,0.0019246159349867924,0.44988301396369934,0.710394561290741,0.33221739530563354,0.40795356035232544,0.3484944999217987,0.43384283781051636,0.03135530278086662,0.20785857737064362,0.5756731796148565,0.6486851171855859,0.5756731796148565,0.6486851171855859,855ecb1f7ea2e53287e669988ddbf61cb1552e64d1834504309aa647114239be
775,gate2_train_umi_t1_8prb,8,umi,11.67733097076416,2056092476,0.0019195768614094447,0.37234818935394287,0.5464982986450195,0.25803765654563904,0.28246447443962097,0.3245730996131897,0.34898313879966736,0.022408638149499893,0.12149587273597717,nan,nan,0.5756731796148565,0.6486851171855859,855ecb1f7ea2e53287e669988ddbf61cb1552e64d1834504309aa647114239be
800,gate2_train_umi_t1_12prb,12,umi,5.840336799621582,2056092501,0.0019143818845567236,0.4610937535762787,0.6121457815170288,0.32594817876815796,0.3404355049133301,0.33932048082351685,0.3557469844818115,0.022836878895759583,0.10373162478208542,nan,nan,0.5756731796148565,0.6486851171855859,855ecb1f7ea2e53287e669988ddbf61cb1552e64d1834504309aa647114239be
825,gate2_train_umi_t2_12prb,12,umi,2.243144989013672,2056092526,0.001909031894857949,0.5605993866920471,0.7304966449737549,0.3936921954154968,0.4269828498363495,0.3595757484436035,0.40276074409484863,0.013961580581963062,0.1202365905046463,nan,nan,0.5756731796148565,0.6486851171855859,855ecb1f7ea2e53287e669988ddbf61cb1552e64d1834504309aa647114239be
850,gate2_train_uma_t1_12prb,12,uma,-1.2496137619018555,2056092551,0.0019035278093119507,0.6757168769836426,0.8228104710578918,0.49303746223449707,0.5160518884658813,0.4074600040912628,0.4590316116809845,0.035941530019044876,0.13091987371444702,nan,nan,0.5756731796148565,0.6486851171855859,855ecb1f7ea2e53287e669988ddbf61cb1552e64d1834504309aa647114239be
875,gate2_train_cdl_a_2layer_12prb,12,cdl-a,6.949652671813965,2056092576,0.001897870571329892,0.6559232473373413,0.7916690111160278,0.5384381413459778,0.5456729531288147,0.32933327555656433,0.3360469937324524,0.03087802231311798,0.1161692813038826,nan,nan,0.5756731796148565,0.6486851171855859,855ecb1f7ea2e53287e669988ddbf61cb1552e64d1834504309aa647114239be
900,gate2_train_umi_t1_4prb,4,umi,-1.924057960510254,2056092601,0.0018920611505735662,0.6605855226516724,0.9091426134109497,0.511949360370636,0.599858820438385,0.4492771625518799,0.5828678011894226,0.06274481117725372,0.22669048607349396,nan,nan,0.5756731796148565,0.6486851171855859,855ecb1f7ea2e53287e669988ddbf61cb1552e64d1834504309aa647114239be
925,gate2_train_umi_t1_8prb,8,umi,-1.8317813873291016,2056092626,0.001886100542789196,0.6549305319786072,0.8212643265724182,0.48521995544433594,0.5287160277366638,0.41888514161109924,0.48817989230155945,0.03591533750295639,0.12860365211963654,nan,nan,0.5756731796148565,0.6486851171855859,855ecb1f7ea2e53287e669988ddbf61cb1552e64d1834504309aa647114239be
950,gate2_train_umi_t1_12prb,12,umi,3.557034492492676,2056092651,0.0018799897696367598,0.4858684837818146,0.6344992518424988,0.34622299671173096,0.36710935831069946,0.35308837890625,0.37806251645088196,0.019914094358682632,0.07966797053813934,nan,nan,0.5756731796148565,0.6486851171855859,855ecb1f7ea2e53287e669988ddbf61cb1552e64d1834504309aa647114239be
975,gate2_train_umi_t2_12prb,12,umi,4.999448776245117,2056092676,0.001873729878514878,0.4688009023666382,0.6362084150314331,0.3256537914276123,0.3590703308582306,0.34215247631073,0.37432944774627686,0.021673865616321564,0.08352640271186829,nan,nan,0.5756731796148565,0.6486851171855859,855ecb1f7ea2e53287e669988ddbf61cb1552e64d1834504309aa647114239be
1000,gate2_train_uma_t1_12prb,12,uma,12.173766136169434,2056092701,0.001867321942381286,0.404152512550354,0.5411404967308044,0.29535478353500366,0.3042858839035034,0.33340632915496826,0.33892565965652466,0.016103949397802353,0.0720667690038681,0.5729866095030088,0.6293395461462354,0.5729866095030088,0.6293395461462354,855ecb1f7ea2e53287e669988ddbf61cb1552e64d1834504309aa647114239be
1025,gate2_train_cdl_a_2layer_12prb,12,cdl-a,8.106050491333008,2056092726,0.0018607670595689272,0.5957264304161072,0.7221195101737976,0.48890483379364014,0.4918094575405121,0.3278627395629883,0.3328617811203003,0.02378806099295616,0.08218309283256531,nan,nan,0.5729866095030088,0.6293395461462354,855ecb1f7ea2e53287e669988ddbf61cb1552e64d1834504309aa647114239be
1050,gate2_train_umi_t1_4prb,4,umi,7.769170761108398,2056092751,0.0018540663535976975,0.4043624997138977,0.6170058250427246,0.3032313883304596,0.3625199794769287,0.33893638849258423,0.3976423144340515,0.023421568796038628,0.11839029937982559,nan,nan,0.5729866095030088,0.6293395461462354,855ecb1f7ea2e53287e669988ddbf61cb1552e64d1834504309aa647114239be
1075,gate2_train_umi_t1_8prb,8,umi,2.4028491973876953,2056092776,0.0018472209729818697,0.4966982305049896,0.6669723391532898,0.3681723177433014,0.4089195728302002,0.35883235931396484,0.4048040807247162,0.018846876919269562,0.07545503973960876,nan,nan,0.5729866095030088,0.6293395461462354,855ecb1f7ea2e53287e669988ddbf61cb1552e64d1834504309aa647114239be
1100,gate2_train_umi_t1_12prb,12,umi,6.57003116607666,2056092801,0.0018402320910332385,0.43283945322036743,0.5693918466567993,0.3121395707130432,0.32711586356163025,0.33704882860183716,0.3501380681991577,0.018733741715550423,0.055191416293382645,nan,nan,0.5729866095030088,0.6293395461462354,855ecb1f7ea2e53287e669988ddbf61cb1552e64d1834504309aa647114239be
1125,gate2_train_umi_t2_12prb,12,umi,3.177027702331543,2056092826,0.0018331009056600104,0.5230581760406494,0.6859129071235657,0.38190996646881104,0.4146420657634735,0.35050830245018005,0.3875407576560974,0.019967660307884216,0.06751934438943863,nan,nan,0.5729866095030088,0.6293395461462354,855ecb1f7ea2e53287e669988ddbf61cb1552e64d1834504309aa647114239be
1150,gate2_train_uma_t1_12prb,12,uma,0.29112815856933594,2056092851,0.001825828639161481,0.6127908229827881,0.7530331015586853,0.4584674537181854,0.4838898181915283,0.38277173042297363,0.42167502641677856,0.017318779602646828,0.06853483617305756,nan,nan,0.5729866095030088,0.6293395461462354,855ecb1f7ea2e53287e669988ddbf61cb1552e64d1834504309aa647114239be
1175,gate2_train_cdl_a_2layer_12prb,12,cdl-a,-1.6889371871948242,2056092876,0.0018184165380185303,0.740143895149231,0.8657172918319702,0.604075014591217,0.6101765036582947,0.36013880372047424,0.3904968798160553,0.019749237224459648,0.06433101743459702,nan,nan,0.5729866095030088,0.6293395461462354,855ecb1f7ea2e53287e669988ddbf61cb1552e64d1834504309aa647114239be
1200,gate2_train_umi_t1_4prb,4,umi,13.8784818649292,2056092901,0.0018108658726799733,0.3281775712966919,0.5409393310546875,0.24494510889053345,0.3045509457588196,0.32722216844558716,0.37372320890426636,0.027009280398488045,0.09521269053220749,nan,nan,0.5729866095030088,0.6293395461462354,855ecb1f7ea2e53287e669988ddbf61cb1552e64d1834504309aa647114239be
1225,gate2_train_umi_t1_8prb,8,umi,1.7294988632202148,2056092926,0.001803177937344802,0.543583869934082,0.7047383785247803,0.4176168143749237,0.4563293755054474,0.3609529733657837,0.40538686513900757,0.014554261229932308,0.060860563069581985,nan,nan,0.5729866095030088,0.6293395461462354,855ecb1f7ea2e53287e669988ddbf61cb1552e64d1834504309aa647114239be
1250,gate2_train_umi_t1_12prb,12,umi,-1.414337158203125,2056092951,0.0017953540497403582,0.6395033597946167,0.7809646725654602,0.4868866205215454,0.5100090503692627,0.3917485475540161,0.43633872270584106,0.02650045044720173,0.06540505588054657,0.5716617830837011,0.6175080366900301,0.5716617830837011,0.6175080366900301,855ecb1f7ea2e53287e669988ddbf61cb1552e64d1834504309aa647114239be
1275,gate2_train_umi_t2_12prb,12,umi,5.360762596130371,2056092976,0.0017873955508964719,0.46679583191871643,0.6228102445602417,0.3351890444755554,0.36506739258766174,0.3417435884475708,0.3706119656562805,0.016221709549427032,0.04988856241106987,nan,nan,0.5716617830837011,0.6175080366900301,855ecb1f7ea2e53287e669988ddbf61cb1552e64d1834504309aa647114239be
1300,gate2_train_uma_t1_12prb,12,uma,13.687729835510254,2056093001,0.0017793038049156058,0.37894928455352783,0.5006574988365173,0.2796298861503601,0.28415340185165405,0.3352349102497101,0.3378430902957916,0.01412521954625845,0.03760657086968422,nan,nan,0.5716617830837011,0.6175080366900301,855ecb1f7ea2e53287e669988ddbf61cb1552e64d1834504309aa647114239be
1325,gate2_train_cdl_a_2layer_12prb,12,cdl-a,7.778384208679199,2056093026,0.001771080198739046,0.5592252016067505,0.6817032694816589,0.4657577872276306,0.4674435257911682,0.32797881960868835,0.33231285214424133,0.0169113390147686,0.046784449368715286,nan,nan,0.5716617830837011,0.6175080366900301,855ecb1f7ea2e53287e669988ddbf61cb1552e64d1834504309aa647114239be
1350,gate2_train_umi_t1_4prb,4,umi,-1.9737987518310547,2056093051,0.0017627261419091774,0.6547455191612244,0.8307856917381287,0.5132155418395996,0.5638794302940369,0.44901347160339355,0.5379860401153564,0.05829346179962158,0.12224085628986359,nan,nan,0.5716617830837011,0.6175080366900301,855ecb1f7ea2e53287e669988ddbf61cb1552e64d1834504309aa647114239be
1375,gate2_train_umi_t1_8prb,8,umi,12.684033393859863,2056093076,0.0017542430663278845,0.33541005849838257,0.48686105012893677,0.2523782253265381,0.2780948281288147,0.32247018814086914,0.33937472105026245,0.022307807579636574,0.0388777069747448,nan,nan,0.5716617830837011,0.6175080366900301,855ecb1f7ea2e53287e669988ddbf61cb1552e64d1834504309aa647114239be
1400,gate2_train_umi_t1_12prb,12,umi,0.20311737060546875,2056093101,0.0017456324260111226,0.5802049040794373,0.7237622737884521,0.4478062391281128,0.47001081705093384,0.36957377195358276,0.40373504161834717,0.015524870716035366,0.043999504297971725,nan,nan,0.5716617830837011,0.6175080366900301,855ecb1f7ea2e53287e669988ddbf61cb1552e64d1834504309aa647114239be
1425,gate2_train_umi_t2_12prb,12,umi,12.397684097290039,2056093126,0.0017368956968396936,0.38170939683914185,0.5238957405090332,0.25799521803855896,0.28454703092575073,0.3296269476413727,0.3457978665828705,0.012721056118607521,0.03833639994263649,nan,nan,0.5716617830837011,0.6175080366900301,855ecb1f7ea2e53287e669988ddbf61cb1552e64d1834504309aa647114239be
1450,gate2_train_uma_t1_12prb,12,uma,9.824687957763672,2056093151,0.0017280343763062807,0.4272744655609131,0.5442000031471252,0.31544029712677,0.3213542103767395,0.3411896228790283,0.3479612171649933,0.0193193256855011,0.03413643315434456,nan,nan,0.5716617830837011,0.6175080366900301,855ecb1f7ea2e53287e669988ddbf61cb1552e64d1834504309aa647114239be
1475,gate2_train_cdl_a_2layer_12prb,12,cdl-a,-0.7947893142700195,2056093176,0.0017190499832587713,0.7094421982765198,0.8332492709159851,0.5902299284934998,0.5950931310653687,0.35250186920166016,0.37661105394363403,0.016536768525838852,0.0423433855175972,nan,nan,0.5716617830837011,0.6175080366900301,855ecb1f7ea2e53287e669988ddbf61cb1552e64d1834504309aa647114239be
1500,gate2_train_umi_t1_4prb,4,umi,2.7116689682006836,2056093201,0.0017099440576399273,0.49945396184921265,0.689624011516571,0.4018552899360657,0.45600342750549316,0.3679616451263428,0.4308004081249237,0.01946261338889599,0.07636278122663498,0.5709223526790054,0.6099475695793968,0.5709223526790054,0.6099475695793968,855ecb1f7ea2e53287e669988ddbf61cb1552e64d1834504309aa647114239be
1525,gate2_train_umi_t1_8prb,8,umi,6.719169616699219,2056093226,0.0017007181602234332,0.41120362281799316,0.5569607019424438,0.31416866183280945,0.34223300218582153,0.33473414182662964,0.35871559381484985,0.019730528816580772,0.03248561546206474,nan,nan,0.5709223526790054,0.6099475695793968,855ecb1f7ea2e53287e669988ddbf61cb1552e64d1834504309aa647114239be
1550,gate2_train_umi_t1_12prb,12,umi,0.3427600860595703,2056093251,0.0016913738723463763,0.5622000098228455,0.6990051865577698,0.4306810200214386,0.45188552141189575,0.3694639801979065,0.40148040652275085,0.012159901671111584,0.0337788350880146,nan,nan,0.5709223526790054,0.6099475695793968,855ecb1f7ea2e53287e669988ddbf61cb1552e64d1834504309aa647114239be
1575,gate2_train_umi_t2_12prb,12,umi,-1.7675399780273438,2056093276,0.0016819127956382049,0.6589249968528748,0.7879757881164551,0.4902440905570984,0.5168013572692871,0.4041946828365326,0.45011991262435913,0.03218016400933266,0.04879353195428848,nan,nan,0.5709223526790054,0.6099475695793968,855ecb1f7ea2e53287e669988ddbf61cb1552e64d1834504309aa647114239be
1600,gate2_train_uma_t1_12prb,12,uma,-1.408219337463379,2056093301,0.0016723365517462034,0.6189875602722168,0.7573053240776062,0.4780826270580292,0.5003881454467773,0.393728643655777,0.43418070673942566,0.019972629845142365,0.040392033755779266,nan,nan,0.5709223526790054,0.6099475695793968,855ecb1f7ea2e53287e669988ddbf61cb1552e64d1834504309aa647114239be
1625,gate2_train_cdl_a_2layer_12prb,12,cdl-a,11.851316452026367,2056093326,0.0016626467820575397,0.517663836479187,0.6400856375694275,0.44760197401046753,0.4446273744106293,0.3248337209224701,0.32514506578445435,0.015818240121006966,0.029198838397860527,nan,nan,0.5709223526790054,0.6099475695793968,855ecb1f7ea2e53287e669988ddbf61cb1552e64d1834504309aa647114239be
1650,gate2_train_umi_t1_4prb,4,umi,12.694838523864746,2056093351,0.0016528451474179277,0.32747170329093933,0.5157140493392944,0.2550194263458252,0.3039134740829468,0.3297393023967743,0.3624771237373352,0.017579229548573494,0.05951593071222305,nan,nan,0.5709223526790054,0.6099475695793968,855ecb1f7ea2e53287e669988ddbf61cb1552e64d1834504309aa647114239be
1675,gate2_train_umi_t1_8prb,8,umi,1.6553287506103516,2056093376,0.0016429333278469565,0.5044353008270264,0.6625908017158508,0.4000229239463806,0.43370458483695984,0.3587951362133026,0.3972315788269043,0.019955357536673546,0.03502160683274269,nan,nan,0.5709223526790054,0.6099475695793968,855ecb1f7ea2e53287e669988ddbf61cb1552e64d1834504309aa647114239be
1700,gate2_train_umi_t1_12prb,12,umi,9.136651039123535,2056093401,0.0016329130222501296,0.36061155796051025,0.4884285032749176,0.26979729533195496,0.2814023196697235,0.33045318722724915,0.33625805377960205,0.02254282496869564,0.02359098754823208,nan,nan,0.5709223526790054,0.6099475695793968,855ecb1f7ea2e53287e669988ddbf61cb1552e64d1834504309aa647114239be
1725,gate2_train_umi_t2_12prb,12,umi,-0.8334035873413086,2056093426,0.0016227859481276702,0.6150935292243958,0.744282603263855,0.45775970816612244,0.4848538637161255,0.3857487738132477,0.425906777381897,0.025856435298919678,0.03669405356049538,nan,nan,0.5709223526790054,0.6099475695793968,855ecb1f7ea2e53287e669988ddbf61cb1552e64d1834504309aa647114239be
1750,gate2_train_uma_t1_12prb,12,uma,13.850820541381836,2056093451,0.0016125538412801394,0.36154717206954956,0.4855394959449768,0.27477148175239563,0.2816183269023895,0.335180401802063,0.33899134397506714,0.011992786079645157,0.022015327587723732,0.5705811606877187,0.605206167402813,0.5705811606877187,0.605206167402813,855ecb1f7ea2e53287e669988ddbf61cb1552e64d1834504309aa647114239be
1775,gate2_train_cdl_a_2layer_12prb,12,cdl-a,12.10042953491211,2056093476,0.0016022184555109136,0.5567537546157837,0.676132321357727,0.4930148720741272,0.48537397384643555,0.3246585726737976,0.32362619042396545,0.016377093270421028,0.025355493649840355,nan,nan,0.5705811606877187,0.605206167402813,855ecb1f7ea2e53287e669988ddbf61cb1552e64d1834504309aa647114239be
1800,gate2_train_umi_t1_4prb,4,umi,4.430851936340332,2056093501,0.0015917815623255824,0.42534932494163513,0.6127502918243408,0.35016313195228577,0.3971158266067505,0.3534548580646515,0.4010521471500397,0.02606440708041191,0.052824780344963074,nan,nan,0.5705811606877187,0.605206167402813,855ecb1f7ea2e53287e669988ddbf61cb1552e64d1834504309aa647114239be
1825,gate2_train_umi_t1_8prb,8,umi,8.030248641967773,2056093526,0.0015812449506283069,0.38046330213546753,0.5220685601234436,0.2940724790096283,0.31867125630378723,0.33308911323547363,0.3516053855419159,0.015548620373010635,0.027552956715226173,nan,nan,0.5705811606877187,0.605206167402813,855ecb1f7ea2e53287e669988ddbf61cb1552e64d1834504309aa647114239be
1850,gate2_train_umi_t1_12prb,12,umi,5.865805625915527,2056093551,0.001570610426415199,0.4271830916404724,0.5548869967460632,0.32719725370407104,0.3405565321445465,0.338553249835968,0.34933704137802124,0.010556871071457863,0.021649561822414398,nan,nan,0.5705811606877187,0.605206167402813,855ecb1f7ea2e53287e669988ddbf61cb1552e64d1834504309aa647114239be
1875,gate2_train_umi_t2_12prb,12,umi,11.95497989654541,2056093576,0.0015598798124647692,0.3626500368118286,0.49904221296310425,0.2562386691570282,0.27707841992378235,0.329313725233078,0.34061625599861145,0.01660209894180298,0.03157428652048111,nan,nan,0.5705811606877187,0.605206167402813,855ecb1f7ea2e53287e669988ddbf61cb1552e64d1834504309aa647114239be
1900,gate2_train_uma_t1_12prb,12,uma,4.481717109680176,2056093601,0.0015490549480254995,0.4587476849555969,0.5895453095436096,0.35804957151412964,0.36994802951812744,0.3489450514316559,0.3621293902397156,0.012696935795247555,0.0221528522670269,nan,nan,0.5705811606877187,0.605206167402813,855ecb1f7ea2e53287e669988ddbf61cb1552e64d1834504309aa647114239be
1925,gate2_train_cdl_a_2layer_12prb,12,cdl-a,8.165670394897461,2056093626,0.0015381376885005922,0.6236803531646729,0.7431080341339111,0.554607093334198,0.5481093525886536,0.3268897533416748,0.3285679817199707,0.02260383404791355,0.0302552729845047,nan,nan,0.5705811606877187,0.605206167402813,855ecb1f7ea2e53287e669988ddbf61cb1552e64d1834504309aa647114239be
1950,gate2_train_umi_t1_4prb,4,umi,13.33340072631836,2056093651,0.0015271299051299514,0.31302401423454285,0.4996313154697418,0.2607558071613312,0.2995518743991852,0.32548433542251587,0.34942319989204407,0.028531789779663086,0.05180731788277626,nan,nan,0.5705811606877187,0.605206167402813,855ecb1f7ea2e53287e669988ddbf61cb1552e64d1834504309aa647114239be
1975,gate2_train_umi_t1_8prb,8,umi,6.001106262207031,2056093676,0.0015160334846694458,0.3799874782562256,0.5251568555831909,0.2936033308506012,0.3202713131904602,0.3354821801185608,0.3577336072921753,0.0142423827201128,0.02914925292134285,nan,nan,0.5705811606877187,0.605206167402813,855ecb1f7ea2e53287e669988ddbf61cb1552e64d1834504309aa647114239be
2000,gate2_train_umi_t1_12prb,12,umi,2.0612144470214844,2056093701,0.0015048503290675174,0.5187600255012512,0.6495126485824585,0.40606021881103516,0.42165666818618774,0.3629806637763977,0.38192102313041687,0.012793652713298798,0.02368900366127491,0.5697653922387066,0.6014546342090767,0.5697653922387066,0.6014546342090767,855ecb1f7ea2e53287e669988ddbf61cb1552e64d1834504309aa647114239be
2025,gate2_train_umi_t2_12prb,12,umi,-1.4878616333007812,2056093726,0.0014935823551391844,0.6354938745498657,0.7688531279563904,0.49330583214759827,0.5146458148956299,0.39200735092163086,0.43086346983909607,0.025631442666053772,0.03278510272502899,nan,nan,0.5697653922387066,0.6014546342090767,855ecb1f7ea2e53287e669988ddbf61cb1552e64d1834504309aa647114239be
2050,gate2_train_uma_t1_12prb,12,uma,-1.916910171508789,2056093751,0.0014822314942374924,0.6488178372383118,0.7724354863166809,0.5082190036773682,0.5249031782150269,0.4036639630794525,0.44011053442955017,0.02782590501010418,0.030782006680965424,nan,nan,0.5697653922387066,0.6014546342090767,855ecb1f7ea2e53287e669988ddbf61cb1552e64d1834504309aa647114239be
2075,gate2_train_cdl_a_2layer_12prb,12,cdl-a,9.301045417785645,2056093776,0.0014707996919224803,0.5777435302734375,0.7006914615631104,0.5171197056770325,0.5118789076805115,0.3264201581478119,0.3266168236732483,0.016543276607990265,0.022955482825636864,nan,nan,0.5697653922387066,0.6014546342090767,855ecb1f7ea2e53287e669988ddbf61cb1552e64d1834504309aa647114239be
2100,gate2_train_umi_t1_4prb,4,umi,12.161240577697754,2056093801,0.0014592889076277035,0.33130016922950745,0.4979115128517151,0.2616828978061676,0.30050885677337646,0.3320560157299042,0.35600367188453674,0.017306804656982422,0.04548729583621025,nan,nan,0.5697653922387066,0.6014546342090767,855ecb1f7ea2e53287e669988ddbf61cb1552e64d1834504309aa647114239be
2125,gate2_train_umi_t1_8prb,8,umi,13.962271690368652,2056093826,0.0014477011143243864,0.34640219807624817,0.4718906581401825,0.2653038501739502,0.28483375906944275,0.3251270055770874,0.33950918912887573,0.015435048379004002,0.027761906385421753,nan,nan,0.5697653922387066,0.6014546342090767,855ecb1f7ea2e53287e669988ddbf61cb1552e64d1834504309aa647114239be
2150,gate2_train_umi_t1_12prb,12,umi,10.454360961914062,2056093851,0.0014360382981832497,0.35625696182250977,0.4792913794517517,0.2755710482597351,0.2847471833229065,0.3289118707180023,0.3318766951560974,0.010700029321014881,0.024814169853925705,nan,nan,0.5697653922387066,0.6014546342090767,855ecb1f7ea2e53287e669988ddbf61cb1552e64d1834504309aa647114239be
2175,gate2_train_umi_t2_12prb,12,umi,0.9288711547851562,2056093876,0.0014243024582340773,0.5391630530357361,0.6907607316970825,0.4289640784263611,0.4519847333431244,0.3622412085533142,0.3922172486782074,0.01559239812195301,0.02619330771267414,nan,nan,0.5697653922387066,0.6014546342090767,855ecb1f7ea2e53287e669988ddbf61cb1552e64d1834504309aa647114239be
2200,gate2_train_uma_t1_12prb,12,uma,11.693793296813965,2056093901,0.0014124956060230778,0.36310166120529175,0.4774993062019348,0.2789176404476166,0.2839207649230957,0.3359421491622925,0.33755186200141907,0.0161355659365654,0.020724892616271973,nan,nan,0.5697653922387066,0.6014546342090767,855ecb1f7ea2e53287e669988ddbf61cb1552e64d1834504309aa647114239be
2225,gate2_train_cdl_a_2layer_12prb,12,cdl-a,1.5214033126831055,2056093926,0.0014006197652681024,0.6663558483123779,0.7911423444747925,0.5834805965423584,0.5829309821128845,0.3404631018638611,0.35185378789901733,0.017881453037261963,0.025745706632733345,nan,nan,0.5697653922387066,0.6014546342090767,855ecb1f7ea2e53287e669988ddbf61cb1552e64d1834504309aa647114239be
2250,gate2_train_umi_t1_4prb,4,umi,7.78236198425293,2056093951,0.0013886769715117763,0.3412412405014038,0.5211572647094727,0.28688549995422363,0.32666611671447754,0.33703213930130005,0.3658622205257416,0.026334678754210472,0.04627535492181778,0.5698025766029997,0.5981988981044023,0.5697653922387066,0.5981988981044023,855ecb1f7ea2e53287e669988ddbf61cb1552e64d1834504309aa647114239be
2275,gate2_train_umi_t1_8prb,8,umi,-0.28685951232910156,2056093976,0.0013766692717726,0.5337604880332947,0.6872926354408264,0.43583327531814575,0.4653271734714508,0.37540265917778015,0.4133116602897644,0.015235112980008125,0.03059382550418377,nan,nan,0.5697653922387066,0.5981988981044023,855ecb1f7ea2e53287e669988ddbf61cb1552e64d1834504309aa647114239be
2300,gate2_train_umi_t1_12prb,12,umi,5.161537170410156,2056094001,0.001364598724194089,0.46885621547698975,0.5767015218734741,0.3608362078666687,0.3708893656730652,0.3420059382915497,0.34995582699775696,0.010707885958254337,0.021438978612422943,nan,nan,0.5697653922387066,0.5981988981044023,855ecb1f7ea2e53287e669988ddbf61cb1552e64d1834504309aa647114239be
2325,gate2_train_umi_t2_12prb,12,umi,5.9411725997924805,2056094026,0.001352467397692003,0.41146719455718994,0.5576964020729065,0.3140716254711151,0.33621594309806824,0.33757203817367554,0.354624480009079,0.010308653116226196,0.027282534167170525,nan,nan,0.5697653922387066,0.5981988981044023,855ecb1f7ea2e53287e669988ddbf61cb1552e64d1834504309aa647114239be
2350,gate2_train_uma_t1_12prb,12,uma,2.685845375061035,2056094051,0.001340277371599729,0.5352758765220642,0.6447330713272095,0.41690218448638916,0.42741817235946655,0.3623124063014984,0.3756037950515747,0.015230026096105576,0.022483140230178833,nan,nan,0.5697653922387066,0.5981988981044023,855ecb1f7ea2e53287e669988ddbf61cb1552e64d1834504309aa647114239be
2375,gate2_train_cdl_a_2layer_12prb,12,cdl-a,1.3214454650878906,2056094076,0.0013280307353118813,0.6778379082679749,0.8026957511901855,0.5984534621238708,0.5975207686424255,0.3411896228790283,0.3527302145957947,0.01849319413304329,0.025300584733486176,nan,nan,0.5697653922387066,0.5981988981044023,855ecb1f7ea2e53287e669988ddbf61cb1552e64d1834504309aa647114239be
2400,gate2_train_umi_t1_4prb,4,umi,10.56398868560791,2056094101,0.0013157295879261718,0.3298136293888092,0.4918345510959625,0.2701447606086731,0.30450841784477234,0.33216142654418945,0.35458794236183167,0.014512889087200165,0.04516874626278877,nan,nan,0.5697653922387066,0.5981988981044023,855ecb1f7ea2e53287e669988ddbf61cb1552e64d1834504309aa647114239be
2425,gate2_train_umi_t1_8prb,8,umi,10.851953506469727,2056094126,0.0013033760378836244,0.3055263161659241,0.45356953144073486,0.25370144844055176,0.27366921305656433,0.3254038095474243,0.3379412293434143,0.027557730674743652,0.03142701834440231,nan,nan,0.5697653922387066,0.5981988981044023,855ecb1f7ea2e53287e669988ddbf61cb1552e64d1834504309aa647114239be
2450,gate2_train_umi_t1_12prb,12,umi,7.959784507751465,2056094151,0.0012909722026071809,0.38892862200737,0.5061309337615967,0.30470186471939087,0.3119010031223297,0.334994912147522,0.3391544222831726,0.013224435038864613,0.02410103566944599,nan,nan,0.5697653922387066,0.5981988981044023,855ecb1f7ea2e53287e669988ddbf61cb1552e64d1834504309aa647114239be
2475,gate2_train_umi_t2_12prb,12,umi,4.086461067199707,2056094176,0.0012785202081387727,0.4568036198616028,0.6000722646713257,0.3588651120662689,0.3789931833744049,0.3436303734779358,0.36281102895736694,0.010844492353498936,0.02671426720917225,nan,nan,0.5697653922387066,0.5981988981044023,855ecb1f7ea2e53287e669988ddbf61cb1552e64d1834504309aa647114239be
2500,gate2_train_uma_t1_12prb,12,uma,8.912627220153809,2056094201,0.0012660221887749114,0.4296932816505432,0.5324500799179077,0.324800044298172,0.33058252930641174,0.34857624769210815,0.35332176089286804,0.02770470827817917,0.021214298903942108,0.5692538561430418,0.5951606935259839,0.5692538561430418,0.5951606935259839,855ecb1f7ea2e53287e669988ddbf61cb1552e64d1834504309aa647114239be
2525,gate2_train_cdl_a_2layer_12prb,12,cdl-a,6.424149513244629,2056094226,0.0012534802867008666,0.6136736869812012,0.7395262122154236,0.5575093626976013,0.5540798902511597,0.3291054964065552,0.33178818225860596,0.01951909065246582,0.02457326278090477,nan,nan,0.5692538561430418,0.5951606935259839,855ecb1f7ea2e53287e669988ddbf61cb1552e64d1834504309aa647114239be
2550,gate2_train_umi_t1_4prb,4,umi,8.147039413452148,2056094251,0.001240896651623493,0.35111308097839355,0.5249736309051514,0.3022691607475281,0.337218314409256,0.3352019786834717,0.3598860204219818,0.020797546952962875,0.04311409220099449,nan,nan,0.5692538561430418,0.5951606935259839,855ecb1f7ea2e53287e669988ddbf61cb1552e64d1834504309aa647114239be
2575,gate2_train_umi_t1_8prb,8,umi,7.731061935424805,2056094276,0.0012282734404027624,0.33626413345336914,0.48694103956222534,0.2805560529232025,0.3022459149360657,0.32957252860069275,0.34531161189079285,0.021415559574961662,0.031353771686553955,nan,nan,0.5692538561430418,0.5951606935259839,855ecb1f7ea2e53287e669988ddbf61cb1552e64d1834504309aa647114239be
2600,gate2_train_umi_t1_12prb,12,umi,1.5241870880126953,2056094301,0.001215612816682078,0.5276308059692383,0.6356933116912842,0.40566423535346985,0.4188639223575592,0.36740121245384216,0.38236817717552185,0.02001924254000187,0.022317981347441673,nan,nan,0.5692538561430418,0.5951606935259839,855ecb1f7ea2e53287e669988ddbf61cb1552e64d1834504309aa647114239be
2625,gate2_train_umi_t2_12prb,12,umi,6.275515556335449,2056094326,0.0012029169505174174,0.40772274136543274,0.5329034924507141,0.30418235063552856,0.3191690742969513,0.3399057686328888,0.350519061088562,0.014835070818662643,0.027601927518844604,nan,nan,0.5692538561430418,0.5951606935259839,855ecb1f7ea2e53287e669988ddbf61cb1552e64d1834504309aa647114239be
2650,gate2_train_uma_t1_12prb,12,uma,-1.4415760040283203,2056094351,0.0011901880180053854,0.6158613562583923,0.7426305413246155,0.5009486079216003,0.5125349760055542,0.39427250623703003,0.42097800970077515,0.022831009700894356,0.023654375225305557,nan,nan,0.5692538561430418,0.5951606935259839,855ecb1f7ea2e53287e669988ddbf61cb1552e64d1834504309aa647114239be
2675,gate2_train_cdl_a_2layer_12prb,12,cdl-a,9.478219985961914,2056094376,0.0011774282009102226,0.5630202293395996,0.6836121678352356,0.5200732350349426,0.5088674426078796,0.32641106843948364,0.3254862129688263,0.015451387502253056,0.01891692541539669,nan,nan,0.5692538561430418,0.5951606935259839,855ecb1f7ea2e53287e669988ddbf61cb1552e64d1834504309aa647114239be
2700,gate2_train_umi_t1_4prb,4,umi,2.533693313598633,2056094401,0.0011646396862898482,0.4709583818912506,0.6212871074676514,0.392215371131897,0.42376652359962463,0.37108033895492554,0.4042254686355591,0.015805762261152267,0.04250655695796013,nan,nan,0.5692538561430418,0.5951606935259839,855ecb1f7ea2e53287e669988ddbf61cb1552e64d1834504309aa647114239be
2725,gate2_train_umi_t1_8prb,8,umi,6.304537773132324,2056094426,0.001151824666120995,0.34738174080848694,0.4950132668018341,0.2898421883583069,0.31143441796302795,0.3337642550468445,0.3502472937107086,0.02844814769923687,0.032337259501218796,nan,nan,0.5692538561430418,0.5951606935259839,855ecb1f7ea2e53287e669988ddbf61cb1552e64d1834504309aa647114239be
2750,gate2_train_umi_t1_12prb,12,umi,6.040593147277832,2056094451,0.0011389853369234986,0.3866272270679474,0.504035472869873,0.3022841513156891,0.3117113411426544,0.337775319814682,0.34322860836982727,0.012555097229778767,0.026095671579241753,0.5701758138697771,0.5922872723881676,0.5692538561430418,0.5922872723881676,855ecb1f7ea2e53287e669988ddbf61cb1552e64d1834504309aa647114239be
2775,gate2_train_umi_t2_12prb,12,umi,3.826150894165039,2056094476,0.001126123899383811,0.4402831792831421,0.5786309838294983,0.34650370478630066,0.3643568158149719,0.3439197540283203,0.3595971465110779,0.008958648890256882,0.02848949283361435,nan,nan,0.5692538561430418,0.5922872723881676,855ecb1f7ea2e53287e669988ddbf61cb1552e64d1834504309aa647114239be
2800,gate2_train_uma_t1_12prb,12,uma,-1.8160820007324219,2056094501,0.0011132425579777967,0.6457571387290955,0.7464087009429932,0.5102165341377258,0.5146533250808716,0.409365713596344,0.4265691041946411,0.04417659714818001,0.024423042312264442,nan,nan,0.5692538561430418,0.5922872723881676,855ecb1f7ea2e53287e669988ddbf61cb1552e64d1834504309aa647114239be
2825,gate2_train_cdl_a_2layer_12prb,12,cdl-a,10.172294616699219,2056094526,0.0011003435205928832,0.5594135522842407,0.6797879338264465,0.522134006023407,0.5096912980079651,0.3256717920303345,0.32419341802597046,0.014371823519468307,0.01824764721095562,nan,nan,0.5692538561430418,0.5922872723881676,855ecb1f7ea2e53287e669988ddbf61cb1552e64d1834504309aa647114239be
2850,gate2_train_umi_t1_4prb,4,umi,2.88751220703125,2056094551,0.0010874289981496238,0.43220236897468567,0.5908569693565369,0.36704859137535095,0.3972509205341339,0.3675692081451416,0.3960093557834625,0.019474012777209282,0.04090792313218117,nan,nan,0.5692538561430418,0.5922872723881676,855ecb1f7ea2e53287e669988ddbf61cb1552e64d1834504309aa647114239be
2875,gate2_train_umi_t1_8prb,8,umi,8.211530685424805,2056094576,0.0010745012042227406,0.32643961906433105,0.4800470471382141,0.2846434712409973,0.30458271503448486,0.3280000686645508,0.3420480787754059,0.026782378554344177,0.031673550605773926,nan,nan,0.5692538561430418,0.5922872723881676,855ecb1f7ea2e53287e669988ddbf61cb1552e64d1834504309aa647114239be
2900,gate2_train_umi_t1_12prb,12,umi,1.0947504043579102,2056094601,0.0010615623546617156,0.5689150094985962,0.6668252944946289,0.4446004331111908,0.45474275946617126,0.3690987229347229,0.3837725520133972,0.02750704437494278,0.02162240445613861,nan,nan,0.5692538561430418,0.5922872723881676,855ecb1f7ea2e53287e669988ddbf61cb1552e64d1834504309aa647114239be
2925,gate2_train_umi_t2_12prb,12,umi,4.60675048828125,2056094626,0.001048614667210987,0.4422018826007843,0.5802227258682251,0.35502955317497253,0.37111639976501465,0.34079626202583313,0.35392001271247864,0.015159590169787407,0.027802972123026848,nan,nan,0.5692538561430418,0.5922872723881676,855ecb1f7ea2e53287e669988ddbf61cb1552e64d1834504309aa647114239be
2950,gate2_train_uma_t1_12prb,12,uma,1.5419788360595703,2056094651,0.0010356603611298264,0.5358338356018066,0.6433602571487427,0.4248920977115631,0.4354689419269562,0.363457590341568,0.37868940830230713,0.009953225031495094,0.022411175072193146,nan,nan,0.5692538561430418,0.5922872723881676,855ecb1f7ea2e53287e669988ddbf61cb1552e64d1834504309aa647114239be
2975,gate2_train_cdl_a_2layer_12prb,12,cdl-a,11.072174072265625,2056094676,0.0010227016568119499,0.5212785601615906,0.6406777501106262,0.4893931746482849,0.4753081798553467,0.3254373371601105,0.3229408860206604,0.01734454371035099,0.019226236268877983,nan,nan,0.5692538561430418,0.5922872723881676,855ecb1f7ea2e53287e669988ddbf61cb1552e64d1834504309aa647114239be
3000,gate2_train_umi_t1_4prb,4,umi,7.28287410736084,2056094701,0.0010097407754049415,0.3613416850566864,0.5252732634544373,0.3176088035106659,0.3476015031337738,0.3385772407054901,0.3580598831176758,0.02435418590903282,0.03981294855475426,0.5696016548481005,0.5898119306185174,0.5692538561430418,0.5898119306185174,855ecb1f7ea2e53287e669988ddbf61cb1552e64d1834504309aa647114239be
3025,gate2_train_umi_t1_8prb,8,umi,11.118086814880371,2056094726,0.0009967799384295421,0.2747429609298706,0.4243512451648712,0.2417677491903305,0.2588881552219391,0.32392555475234985,0.33327412605285645,0.02817094884812832,0.033400293439626694,nan,nan,0.5692538561430418,0.5898119306185174,855ecb1f7ea2e53287e669988ddbf61cb1552e64d1834504309aa647114239be
3050,gate2_train_umi_t1_12prb,12,umi,8.52761173248291,2056094751,0.0009838213673988767,0.364881694316864,0.4900607466697693,0.30636706948280334,0.3122290074825287,0.3314310312271118,0.3339047431945801,0.01974223181605339,0.02671227604150772,nan,nan,0.5692538561430418,0.5898119306185174,855ecb1f7ea2e53287e669988ddbf61cb1552e64d1834504309aa647114239be
3075,gate2_train_umi_t2_12prb,12,umi,0.7475032806396484,2056094776,0.0009708672834376837,0.5328181982040405,0.6530114412307739,0.41806209087371826,0.4323956072330475,0.36688268184661865,0.3859543800354004,0.010205584578216076,0.02392468973994255,nan,nan,0.5692538561430418,0.5898119306185174,855ecb1f7ea2e53287e669988ddbf61cb1552e64d1834504309aa647114239be
3100,gate2_train_uma_t1_12prb,12,uma,6.421430587768555,2056094801,0.0009579199069016078,0.4081881642341614,0.5289179682731628,0.3372703790664673,0.34328287839889526,0.34238776564598083,0.347059965133667,0.010277430526912212,0.022033467888832092,nan,nan,0.5692538561430418,0.5898119306185174,855ecb1f7ea2e53287e669988ddbf61cb1552e64d1834504309aa647114239be
3125,gate2_train_cdl_a_2layer_12prb,12,cdl-a,0.7304306030273438,2056094826,0.0009449814569966284,0.6873632669448853,0.8112303614616394,0.6227959394454956,0.6189805269241333,0.34290674328804016,0.35207685828208923,0.01598116010427475,0.022235488519072533,nan,nan,0.5692538561430418,0.5898119306185174,855ecb1f7ea2e53287e669988ddbf61cb1552e64d1834504309aa647114239be
3150,gate2_train_umi_t1_4prb,4,umi,8.278997421264648,2056094851,0.000932054151398683,0.3043377995491028,0.4769507348537445,0.27594733238220215,0.3057800531387329,0.3347925841808319,0.35407066345214844,0.031061382964253426,0.04170955717563629,nan,nan,0.5692538561430418,0.5898119306185174,855ecb1f7ea2e53287e669988ddbf61cb1552e64d1834504309aa647114239be
3175,gate2_train_umi_t1_8prb,8,umi,8.923315048217773,2056094876,0.000919140205873552,0.30584579706192017,0.4575577676296234,0.27119502425193787,0.28985679149627686,0.32663992047309875,0.3380765914916992,0.028778325766324997,0.03261113166809082,nan,nan,0.5692538561430418,0.5898119306185174,855ecb1f7ea2e53287e669988ddbf61cb1552e64d1834504309aa647114239be
3200,gate2_train_umi_t1_12prb,12,umi,0.5823459625244141,2056094901,0.0009062418338970732,0.5234720706939697,0.640404462814331,0.42244023084640503,0.4327969551086426,0.3668958842754364,0.38099390268325806,0.009397393092513084,0.02200108766555786,nan,nan,0.5692538561430418,0.5898119306185174,855ecb1f7ea2e53287e669988ddbf61cb1552e64d1834504309aa647114239be
3225,gate2_train_umi_t2_12prb,12,umi,7.594106674194336,2056094926,0.0008933612462757468,0.37302255630493164,0.5043870806694031,0.29300928115844727,0.3061404228210449,0.3347910940647125,0.34335076808929443,0.01078336127102375,0.02733401209115982,nan,nan,0.5692538561430418,0.5898119306185174,855ecb1f7ea2e53287e669988ddbf61cb1552e64d1834504309aa647114239be
3250,gate2_train_uma_t1_12prb,12,uma,2.402780532836914,2056094951,0.0008805006507678012,0.5139331221580505,0.6169271469116211,0.4105425775051117,0.41730764508247375,0.3621188700199127,0.37154656648635864,0.016626065596938133,0.02142339013516903,0.5700109453962399,0.5880439890546467,0.5692538561430418,0.5880439890546467,855ecb1f7ea2e53287e669988ddbf61cb1552e64d1834504309aa647114239be
3275,gate2_train_cdl_a_2layer_12prb,12,cdl-a,8.024765014648438,2056094976,0.0008676622517047747,0.5558728575706482,0.677204430103302,0.5211535096168518,0.511299729347229,0.32739391922950745,0.3261069357395172,0.014689290896058083,0.019045671448111534,nan,nan,0.5692538561430418,0.5880439890546467,855ecb1f7ea2e53287e669988ddbf61cb1552e64d1834504309aa647114239be
3300,gate2_train_umi_t1_4prb,4,umi,-0.38097286224365234,2056095001,0.0008548482496136915,0.5568562746047974,0.7068451642990112,0.48748528957366943,0.5097903609275818,0.40895670652389526,0.4413999915122986,0.02695181407034397,0.05085541680455208,nan,nan,0.5692538561430418,0.5880439890546467,855ecb1f7ea2e53287e669988ddbf61cb1552e64d1834504309aa647114239be
3325,gate2_train_umi_t1_8prb,8,umi,12.40344524383545,2056095026,0.0008420608408398878,0.29098474979400635,0.4140433669090271,0.24088332056999207,0.2551347017288208,0.3237342834472656,0.33139246702194214,0.012631330639123917,0.03042762167751789,nan,nan,0.5692538561430418,0.5880439890546467,855ecb1f7ea2e53287e669988ddbf61cb1552e64d1834504309aa647114239be
3350,gate2_train_umi_t1_12prb,12,umi,13.90014362335205,2056095051,0.0008293022171705515,0.3263586759567261,0.42449358105659485,0.2557876408100128,0.25881049036979675,0.3286263942718506,0.32845234870910645,0.009053230285644531,0.026831476017832756,nan,nan,0.5692538561430418,0.5880439890546467,855ecb1f7ea2e53287e669988ddbf61cb1552e64d1834504309aa647114239be
3375,gate2_train_umi_t2_12prb,12,umi,-0.19233131408691406,2056095076,0.0008165745654590463,0.5713428854942322,0.6876590251922607,0.45774784684181213,0.4681144058704376,0.37908127903938293,0.3941197097301483,0.014866719022393227,0.022540772333741188,nan,nan,0.5692538561430418,0.5880439890546467,855ecb1f7ea2e53287e669988ddbf61cb1552e64d1834504309aa647114239be
3400,gate2_train_uma_t1_12prb,12,uma,0.38646984100341797,2056095101,0.0008038800672500815,0.5295036435127258,0.6460742950439453,0.4318371117115021,0.4409728944301605,0.3730335831642151,0.38716185092926025,0.016819538548588753,0.02139669470489025,nan,nan,0.5692538561430418,0.5880439890546467,855ecb1f7ea2e53287e669988ddbf61cb1552e64d1834504309aa647114239be
3425,gate2_train_cdl_a_2layer_12prb,12,cdl-a,7.867151260375977,2056095126,0.0007912208984057904,0.6032528877258301,0.7257416844367981,0.5707699656486511,0.5620032548904419,0.327217161655426,0.32627803087234497,0.019220275804400444,0.023473020642995834,nan,nan,0.5692538561430418,0.5880439890546467,855ecb1f7ea2e53287e669988ddbf61cb1552e64d1834504309aa647114239be
3450,gate2_train_umi_t1_4prb,4,umi,-1.1385393142700195,2056095151,0.0007785992287327835,0.5815346240997314,0.7039793133735657,0.48318782448768616,0.5028820633888245,0.4299246370792389,0.4574664831161499,0.036512210965156555,0.05827395245432854,nan,nan,0.5692538561430418,0.5880439890546467,855ecb1f7ea2e53287e669988ddbf61cb1552e64d1834504309aa647114239be
3475,gate2_train_umi_t1_8prb,8,umi,9.695940017700195,2056095176,0.0007660172216102381,0.3260861933231354,0.45556873083114624,0.27821019291877747,0.29380670189857483,0.32583194971084595,0.33533987402915955,0.010595249943435192,0.03006586618721485,nan,nan,0.5692538561430418,0.5880439890546467,855ecb1f7ea2e53287e669988ddbf61cb1552e64d1834504309aa647114239be
3500,gate2_train_umi_t1_12prb,12,umi,3.51983642578125,2056095201,0.0007534770336190932,0.4572925567626953,0.5583210587501526,0.3634319007396698,0.37097063660621643,0.34615224599838257,0.35419854521751404,0.008126191794872284,0.025156082585453987,0.5700062094261934,0.5865738251141804,0.5692538561430418,0.5865738251141804,855ecb1f7ea2e53287e669988ddbf61cb1552e64d1834504309aa647114239be
3525,gate2_train_umi_t2_12prb,12,umi,-1.8898258209228516,2056095226,0.0007409808141724046,0.6504113078117371,0.7478446364402771,0.50999516248703,0.5153050422668457,0.4069010615348816,0.4206538796424866,0.04662031680345535,0.03324403986334801,nan,nan,0.5692538561430418,0.5865738251141804,855ecb1f7ea2e53287e669988ddbf61cb1552e64d1834504309aa647114239be
3550,gate2_train_uma_t1_12prb,12,uma,8.099669456481934,2056095251,0.0007285307051469333,0.3732389211654663,0.4979028105735779,0.31965726613998413,0.3236265778541565,0.3394957482814789,0.34213337302207947,0.013270779512822628,0.020636113360524178,nan,nan,0.5692538561430418,0.5865738251141804,855ecb1f7ea2e53287e669988ddbf61cb1552e64d1834504309aa647114239be
3575,gate2_train_cdl_a_2layer_12prb,12,cdl-a,6.546591758728027,2056095276,0.0007161288405160218,0.5538761019706726,0.6756014227867126,0.5192764401435852,0.5108922123908997,0.32847505807876587,0.3288044035434723,0.014869021251797676,0.020345961675047874,nan,nan,0.5692538561430418,0.5865738251141804,855ecb1f7ea2e53287e669988ddbf61cb1552e64d1834504309aa647114239be
3600,gate2_train_umi_t1_4prb,4,umi,11.70727825164795,2056095301,0.0007037773459838292,0.2603003680706024,0.42816779017448425,0.24765287339687347,0.2707667350769043,0.3261958062648773,0.33741268515586853,0.02958913892507553,0.039328157901763916,nan,nan,0.5692538561430418,0.5865738251141804,855ecb1f7ea2e53287e669988ddbf61cb1552e64d1834504309aa647114239be
3625,gate2_train_umi_t1_8prb,8,umi,8.450812339782715,2056095326,0.0006914783386209794,0.29876723885536194,0.4394286572933197,0.2646152079105377,0.2796214818954468,0.3283750116825104,0.3381139934062958,0.030349496752023697,0.0316438227891922,nan,nan,0.5692538561430418,0.5865738251141804,855ecb1f7ea2e53287e669988ddbf61cb1552e64d1834504309aa647114239be
3650,gate2_train_umi_t1_12prb,12,umi,12.410401344299316,2056095351,0.0006792339265016906,0.341889888048172,0.41859203577041626,0.2595486640930176,0.2584575116634369,0.328886479139328,0.3277145028114319,0.010525896213948727,0.026937518268823624,nan,nan,0.5692538561430418,0.5865738251141804,855ecb1f7ea2e53287e669988ddbf61cb1552e64d1834504309aa647114239be
3675,gate2_train_umi_t2_12prb,12,umi,9.817453384399414,2056095376,0.0006670462083424498,0.3462522327899933,0.4707244038581848,0.27760428190231323,0.2858735918998718,0.3308281898498535,0.33562883734703064,0.011582323350012302,0.028448747470974922,nan,nan,0.5692538561430418,0.5865738251141804,855ecb1f7ea2e53287e669988ddbf61cb1552e64d1834504309aa647114239be
3700,gate2_train_uma_t1_12prb,12,uma,-1.3120079040527344,2056095401,0.0006549172731422854,0.6433847546577454,0.7158718109130859,0.4973219037055969,0.5019280910491943,0.4038316011428833,0.4157617688179016,0.043283890932798386,0.0226141270250082,nan,nan,0.5692538561430418,0.5865738251141804,855ecb1f7ea2e53287e669988ddbf61cb1552e64d1834504309aa647114239be
3725,gate2_train_cdl_a_2layer_12prb,12,cdl-a,8.356459617614746,2056095426,0.0006428491998247113,0.5538419485092163,0.6717329025268555,0.5269879698753357,0.5141333341598511,0.3270556926727295,0.32550889253616333,0.014092406257987022,0.019461791962385178,nan,nan,0.5692538561430418,0.5865738251141804,855ecb1f7ea2e53287e669988ddbf61cb1552e64d1834504309aa647114239be
3750,gate2_train_umi_t1_4prb,4,umi,1.0563154220581055,2056095451,0.0006308440568813932,0.4967716336250305,0.6314926743507385,0.4296395778656006,0.4496781527996063,0.3863685727119446,0.4084712862968445,0.015113059431314468,0.039126407355070114,0.5701377197226353,0.5853642137736719,0.5692538561430418,0.5853642137736719,855ecb1f7ea2e53287e669988ddbf61cb1552e64d1834504309aa647114239be
3775,gate2_train_umi_t1_8prb,8,umi,12.657890319824219,2056095476,0.0006189039020176076,0.3167401850223541,0.43491047620773315,0.26376667618751526,0.2770839035511017,0.32762449979782104,0.33678656816482544,0.010171256959438324,0.02599947154521942,nan,nan,0.5692538561430418,0.5853642137736719,855ecb1f7ea2e53287e669988ddbf61cb1552e64d1834504309aa647114239be
3800,gate2_train_umi_t1_12prb,12,umi,8.473094940185547,2056095501,0.0006070307817995434,0.3488767743110657,0.4631783664226532,0.2948260009288788,0.29798418283462524,0.33113011717796326,0.3331429362297058,0.012683975510299206,0.025536514818668365,nan,nan,0.5692538561430418,0.5853642137736719,855ecb1f7ea2e53287e669988ddbf61cb1552e64d1834504309aa647114239be
3825,gate2_train_umi_t2_12prb,12,umi,-1.2566165924072266,2056095526,0.0005952267313035202,0.6144712567329407,0.7173022627830505,0.48966166377067566,0.49703216552734375,0.4017018973827362,0.41543659567832947,0.03385348245501518,0.025219030678272247,nan,nan,0.5692538561430418,0.5853642137736719,855ecb1f7ea2e53287e669988ddbf61cb1552e64d1834504309aa647114239be
3850,gate2_train_uma_t1_12prb,12,uma,6.799159049987793,2056095551,0.0005834937737671693,0.4355911910533905,0.5222035050392151,0.34450480341911316,0.3470912575721741,0.3435294032096863,0.34612447023391724,0.024671008810400963,0.018290696665644646,nan,nan,0.5692538561430418,0.5853642137736719,855ecb1f7ea2e53287e669988ddbf61cb1552e64d1834504309aa647114239be
3875,gate2_train_cdl_a_2layer_12prb,12,cdl-a,-0.7980060577392578,2056095576,0.0005718339202426491,0.690229058265686,0.8117639422416687,0.6293895244598389,0.6255195140838623,0.35194751620292664,0.3602747917175293,0.014545107260346413,0.020276030525565147,nan,nan,0.5692538561430418,0.5853642137736719,855ecb1f7ea2e53287e669988ddbf61cb1552e64d1834504309aa647114239be
3900,gate2_train_umi_t1_4prb,4,umi,6.860940933227539,2056095601,0.0005602491692519445,0.34706106781959534,0.49584728479385376,0.316315233707428,0.3369172513484955,0.3398028314113617,0.35373347997665405,0.01886052079498768,0.03830217197537422,nan,nan,0.5692538561430418,0.5853642137736719,855ecb1f7ea2e53287e669988ddbf61cb1552e64d1834504309aa647114239be
3925,gate2_train_umi_t1_8prb,8,umi,8.041399955749512,2056095626,0.0005487415064443174,0.3475329577922821,0.47208285331726074,0.3020350933074951,0.315865695476532,0.32893580198287964,0.33834007382392883,0.01252477616071701,0.02940368466079235,nan,nan,0.5692538561430418,0.5853642137736719,855ecb1f7ea2e53287e669988ddbf61cb1552e64d1834504309aa647114239be
3950,gate2_train_umi_t1_12prb,12,umi,4.702110290527344,2056095651,0.0005373129042559636,0.42752182483673096,0.5173153877258301,0.3335436284542084,0.33764365315437317,0.34378737211227417,0.34707751870155334,0.013759247958660126,0.021122170612215996,nan,nan,0.5692538561430418,0.5853642137736719,855ecb1f7ea2e53287e669988ddbf61cb1552e64d1834504309aa647114239be
3975,gate2_train_umi_t2_12prb,12,umi,2.6293392181396484,2056095676,0.0005259653215719311,0.50226891040802,0.5954117774963379,0.389111191034317,0.3979342579841614,0.3523043692111969,0.36129650473594666,0.009915986098349094,0.023584013804793358,nan,nan,0.5692538561430418,0.5853642137736719,855ecb1f7ea2e53287e669988ddbf61cb1552e64d1834504309aa647114239be
4000,gate2_train_uma_t1_12prb,12,uma,1.0611696243286133,2056095701,0.0005147007033903642,0.5207014679908752,0.6297062635421753,0.43096068501472473,0.4364481270313263,0.369035929441452,0.37993061542510986,0.010396093130111694,0.02045029029250145,0.5698699019006831,0.584265773116269,0.5692538561430418,0.584265773116269,855ecb1f7ea2e53287e669988ddbf61cb1552e64d1834504309aa647114239be
4025,gate2_train_cdl_a_2layer_12prb,12,cdl-a,-0.8136358261108398,2056095726,0.0005035209804891284,0.6307425498962402,0.7521173357963562,0.5707813501358032,0.5671705603599548,0.35246700048446655,0.3605060577392578,0.013295401819050312,0.018818337470293045,nan,nan,0.5692538561430418,0.584265773116269,855ecb1f7ea2e53287e669988ddbf61cb1552e64d1834504309aa647114239be
4050,gate2_train_umi_t1_4prb,4,umi,13.545406341552734,2056095751,0.0004924280690948689,0.2994954288005829,0.41976824402809143,0.2523547410964966,0.26947739720344543,0.3255203068256378,0.33201876282691956,0.014080515131354332,0.035302918404340744,nan,nan,0.5692538561430418,0.584265773116269,855ecb1f7ea2e53287e669988ddbf61cb1552e64d1834504309aa647114239be
4075,gate2_train_umi_t1_8prb,8,umi,4.752749443054199,2056095776,0.00048142387055456754,0.38286325335502625,0.5169222950935364,0.33886998891830444,0.353341281414032,0.33875811100006104,0.3510182499885559,0.01891421712934971,0.03141544386744499,nan,nan,0.5692538561430418,0.584265773116269,855ecb1f7ea2e53287e669988ddbf61cb1552e64d1834504309aa647114239be
4100,gate2_train_umi_t1_12prb,12,umi,6.435750961303711,2056095801,0.00047051027100964625,0.394838809967041,0.49481889605522156,0.31309574842453003,0.31626835465431213,0.33943843841552734,0.3416910469532013,0.014771686866879463,0.015205159783363342,nan,nan,0.5692538561430418,0.584265773116269,855ecb1f7ea2e53287e669988ddbf61cb1552e64d1834504309aa647114239be
4125,gate2_train_umi_t2_12prb,12,umi,11.466680526733398,2056095826,0.00045968914107268115,0.3089595139026642,0.4317266345024109,0.2512281537055969,0.2568853199481964,0.32819175720214844,0.3301737308502197,0.018601611256599426,0.030126942321658134,nan,nan,0.5692538561430418,0.584265773116269,855ecb1f7ea2e53287e669988ddbf61cb1552e64d1834504309aa647114239be
4150,gate2_train_uma_t1_12prb,12,uma,-1.8864126205444336,2056095851,0.0004489623355067732,0.6365728378295898,0.7228955626487732,0.508968710899353,0.511243462562561,0.409586101770401,0.4182546138763428,0.04111655429005623,0.027912266552448273,nan,nan,0.5692538561430418,0.584265773116269,855ecb1f7ea2e53287e669988ddbf61cb1552e64d1834504309aa647114239be
4175,gate2_train_cdl_a_2layer_12prb,12,cdl-a,-1.360579490661621,2056095876,0.0004383316929076393,0.6695680618286133,0.7925634384155273,0.6085675954818726,0.6070231795310974,0.3548750579357147,0.3631156384944916,0.013598990626633167,0.019873926416039467,nan,nan,0.5692538561430418,0.584265773116269,855ecb1f7ea2e53287e669988ddbf61cb1552e64d1834504309aa647114239be
4200,gate2_train_umi_t1_4prb,4,umi,1.6706218719482422,2056095901,0.0004277990353884748,0.45112553238868713,0.5990518927574158,0.4109036922454834,0.42701455950737,0.3769010305404663,0.3949919641017914,0.020207252353429794,0.03513564169406891,nan,nan,0.5692538561430418,0.584265773116269,855ecb1f7ea2e53287e669988ddbf61cb1552e64d1834504309aa647114239be
4225,gate2_train_umi_t1_8prb,8,umi,13.88750171661377,2056095926,0.000417366168267637,0.2620987892150879,0.3974316120147705,0.24675370752811432,0.25666430592536926,0.3213574290275574,0.3266138434410095,0.030078917741775513,0.03042341209948063,nan,nan,0.5692538561430418,0.584265773116269,855ecb1f7ea2e53287e669988ddbf61cb1552e64d1834504309aa647114239be
4250,gate2_train_umi_t1_12prb,12,umi,2.0099802017211914,2056095951,0.0004070348797592112,0.48268452286720276,0.5850024223327637,0.3953428864479065,0.4000866711139679,0.3561083674430847,0.3628332316875458,0.011847044341266155,0.021319152787327766,0.5700780472096781,0.5834327628062614,0.5692538561430418,0.5834327628062614,855ecb1f7ea2e53287e669988ddbf61cb1552e64d1834504309aa647114239be
4275,gate2_train_umi_t2_12prb,12,umi,0.22098159790039062,2056095976,0.0003968069406665083,0.5256789922714233,0.6290954947471619,0.41612690687179565,0.4258369207382202,0.3709455132484436,0.3829992711544037,0.007155606523156166,0.02246633544564247,nan,nan,0.5692538561430418,0.5834327628062614,855ecb1f7ea2e53287e669988ddbf61cb1552e64d1834504309aa647114239be
4300,gate2_train_uma_t1_12prb,12,uma,7.743638038635254,2056096001,0.00038668410407854465,0.4454847574234009,0.5147165656089783,0.3249153196811676,0.3272918462753296,0.35109996795654297,0.352019339799881,0.07495524734258652,0.023555820807814598,nan,nan,0.5692538561430418,0.5834327628062614,855ecb1f7ea2e53287e669988ddbf61cb1552e64d1834504309aa647114239be
4325,gate2_train_cdl_a_2layer_12prb,12,cdl-a,5.08342170715332,2056096026,0.00037666810506955823,0.601777195930481,0.7219915390014648,0.5694646835327148,0.5628148913383484,0.33124449849128723,0.3316107392311096,0.018208548426628113,0.024996066465973854,nan,nan,0.5692538561430418,0.5834327628062614,855ecb1f7ea2e53287e669988ddbf61cb1552e64d1834504309aa647114239be
4350,gate2_train_umi_t1_4prb,4,umi,9.530658721923828,2056096051,0.0003667606604016147,0.37102124094963074,0.49484503269195557,0.31447431445121765,0.33194559812545776,0.35615986585617065,0.3699824810028076,0.022686775773763657,0.0359889455139637,nan,nan,0.5692538561430418,0.5834327628062614,855ecb1f7ea2e53287e669988ddbf61cb1552e64d1834504309aa647114239be
4375,gate2_train_umi_t1_8prb,8,umi,11.624075889587402,2056096076,0.00035696346823035126,0.2633213400840759,0.4021095931529999,0.24793969094753265,0.25967714190483093,0.32268938422203064,0.3297162652015686,0.027686769142746925,0.030418846756219864,nan,nan,0.5692538561430418,0.5834327628062614,855ecb1f7ea2e53287e669988ddbf61cb1552e64d1834504309aa647114239be
4400,gate2_train_umi_t1_12prb,12,umi,10.776082992553711,2056096101,0.0003472782078139085,0.3146854639053345,0.42947033047676086,0.27771294116973877,0.27698665857315063,0.3290472626686096,0.32830479741096497,0.02237093821167946,0.0250324048101902,nan,nan,0.5692538561430418,0.5834327628062614,855ecb1f7ea2e53287e669988ddbf61cb1552e64d1834504309aa647114239be
4425,gate2_train_umi_t2_12prb,12,umi,11.819519996643066,2056096126,0.00033770653922510186,0.38288357853889465,0.48879921436309814,0.28629377484321594,0.2942945957183838,0.33726540207862854,0.34420302510261536,0.02592511847615242,0.024337859824299812,nan,nan,0.5692538561430418,0.5834327628062614,855ecb1f7ea2e53287e669988ddbf61cb1552e64d1834504309aa647114239be
4450,gate2_train_uma_t1_12prb,12,uma,-0.555394172668457,2056096151,0.00032825010306688373,0.5843513607978821,0.6788423657417297,0.4765589237213135,0.4817095994949341,0.38412439823150635,0.39469271898269653,0.016422376036643982,0.019982896745204926,nan,nan,0.5692538561430418,0.5834327628062614,855ecb1f7ea2e53287e669988ddbf61cb1552e64d1834504309aa647114239be
4475,gate2_train_cdl_a_2layer_12prb,12,cdl-a,11.3307466506958,2056096176,0.0003189105201911395,0.5214616656303406,0.6384938955307007,0.5102721452713013,0.4960588216781616,0.32520341873168945,0.3217901587486267,0.01460916455835104,0.017711415886878967,nan,nan,0.5692538561430418,0.5834327628062614,855ecb1f7ea2e53287e669988ddbf61cb1552e64d1834504309aa647114239be
4500,gate2_train_umi_t1_4prb,4,umi,4.00749397277832,2056096201,0.0003096893914208699,0.4121132791042328,0.5402068495750427,0.36247366666793823,0.37743470072746277,0.36383089423179626,0.37685346603393555,0.02051173895597458,0.03528301417827606,0.5700678682713892,0.5827520205049737,0.5692538561430418,0.5827520205049737,855ecb1f7ea2e53287e669988ddbf61cb1552e64d1834504309aa647114239be
4525,gate2_train_umi_t1_8prb,8,umi,1.7165327072143555,2056096226,0.0003005882972758072,0.47201332449913025,0.5958091020584106,0.4102853834629059,0.42422810196876526,0.35620054602622986,0.37056538462638855,0.02098235674202442,0.027446040883660316,nan,nan,0.5692538561430418,0.5827520205049737,855ecb1f7ea2e53287e669988ddbf61cb1552e64d1834504309aa647114239be
4550,gate2_train_umi_t1_12prb,12,umi,1.881047248840332,2056096251,0.0002916087977015125,0.5418376922607422,0.6082310080528259,0.4209248125553131,0.4231792092323303,0.3630351722240448,0.36718103289604187,0.023881128057837486,0.01868222840130329,nan,nan,0.5692538561430418,0.5827520205049737,855ecb1f7ea2e53287e669988ddbf61cb1552e64d1834504309aa647114239be
4575,gate2_train_umi_t2_12prb,12,umi,9.678014755249023,2056096276,0.00028275243180199536,0.3735365569591522,0.4745386242866516,0.29417023062705994,0.2988601624965668,0.3309931755065918,0.33304470777511597,0.009313986636698246,0.023105563595891,nan,nan,0.5692538561430418,0.5827520205049737,855ecb1f7ea2e53287e669988ddbf61cb1552e64d1834504309aa647114239be
4600,gate2_train_uma_t1_12prb,12,uma,6.928182601928711,2056096301,0.0002740207175759104,0.4393530786037445,0.5101079344749451,0.34003499150276184,0.33822208642959595,0.34903857111930847,0.34911584854125977,0.02436964400112629,0.01760902814567089,nan,nan,0.5692538561430418,0.5827520205049737,855ecb1f7ea2e53287e669988ddbf61cb1552e64d1834504309aa647114239be
4625,gate2_train_cdl_a_2layer_12prb,12,cdl-a,13.330432891845703,2056096326,0.00026541515165636777,0.5279547572135925,0.6447334885597229,0.5225586891174316,0.5068654417991638,0.32485541701316833,0.3207375109195709,0.020140161737799644,0.017234792932868004,nan,nan,0.5692538561430418,0.5827520205049737,855ecb1f7ea2e53287e669988ddbf61cb1552e64d1834504309aa647114239be
4650,gate2_train_umi_t1_4prb,4,umi,8.11121940612793,2056096351,0.0002569372090544089,0.3211042582988739,0.44972240924835205,0.28587570786476135,0.3012176752090454,0.33611100912094116,0.34589123725891113,0.01182959508150816,0.03504113852977753,nan,nan,0.5692538561430418,0.5827520205049737,855ecb1f7ea2e53287e669988ddbf61cb1552e64d1834504309aa647114239be
4675,gate2_train_umi_t1_8prb,8,umi,10.219857215881348,2056096376,0.00024858834290618587,0.31002312898635864,0.425950825214386,0.27138975262641907,0.2821159064769745,0.3260435163974762,0.3326941132545471,0.006596438121050596,0.026867421343922615,nan,nan,0.5692538561430418,0.5827520205049737,855ecb1f7ea2e53287e669988ddbf61cb1552e64d1834504309aa647114239be
4700,gate2_train_umi_t1_12prb,12,umi,7.136754035949707,2056096401,0.0002403699842238899,0.3718191087245941,0.4638478755950928,0.30079129338264465,0.30074673891067505,0.3383275270462036,0.3392486274242401,0.00894896499812603,0.02251419797539711,nan,nan,0.5692538561430418,0.5827520205049737,855ecb1f7ea2e53287e669988ddbf61cb1552e64d1834504309aa647114239be
4725,gate2_train_umi_t2_12prb,12,umi,12.682544708251953,2056096426,0.00023228354165047554,0.3542160093784332,0.44965916872024536,0.27499955892562866,0.27991631627082825,0.32755565643310547,0.3287886679172516,0.007522653788328171,0.02703067474067211,nan,nan,0.5692538561430418,0.5827520205049737,855ecb1f7ea2e53287e669988ddbf61cb1552e64d1834504309aa647114239be
4750,gate2_train_uma_t1_12prb,12,uma,8.326379776000977,2056096451,0.0002243304012182139,0.43403884768486023,0.5128886103630066,0.3416512608528137,0.341142863035202,0.35512471199035645,0.35648077726364136,0.03928866609930992,0.024378487840294838,0.5701493194861509,0.5822610180940763,0.5692538561430418,0.5822610180940763,855ecb1f7ea2e53287e669988ddbf61cb1552e64d1834504309aa647114239be
4775,gate2_train_cdl_a_2layer_12prb,12,cdl-a,13.411781311035156,2056096476,0.0002165119261111254,0.4767291247844696,0.5923413634300232,0.4727875590324402,0.4557723104953766,0.3244066834449768,0.32066866755485535,0.02565162256360054,0.01851571910083294,nan,nan,0.5692538561430418,0.5822610180940763,855ecb1f7ea2e53287e669988ddbf61cb1552e64d1834504309aa647114239be
4800,gate2_train_umi_t1_4prb,4,umi,-1.6755104064941406,2056096501,0.00020882945643132695,0.5645308494567871,0.6995817422866821,0.5004448294639587,0.5151813626289368,0.43133535981178284,0.4541368782520294,0.036682672798633575,0.06849735230207443,nan,nan,0.5692538561430418,0.5822610180940763,855ecb1f7ea2e53287e669988ddbf61cb1552e64d1834504309aa647114239be
4825,gate2_train_umi_t1_8prb,8,umi,12.265761375427246,2056096526,0.00020128430896933664,0.26888421177864075,0.40591883659362793,0.2577613592147827,0.26796993613243103,0.3225780129432678,0.3286682069301605,0.026732351630926132,0.0293413195759058,nan,nan,0.5692538561430418,0.5822610180940763,855ecb1f7ea2e53287e669988ddbf61cb1552e64d1834504309aa647114239be
4850,gate2_train_umi_t1_12prb,12,umi,10.467635154724121,2056096551,0.00019387777697837128,0.30760571360588074,0.42910468578338623,0.2794862687587738,0.280350923538208,0.328275203704834,0.3284109830856323,0.020076071843504906,0.02531363070011139,nan,nan,0.5692538561430418,0.5822610180940763,855ecb1f7ea2e53287e669988ddbf61cb1552e64d1834504309aa647114239be
4875,gate2_train_umi_t2_12prb,12,umi,9.010449409484863,2056096576,0.0001866111299526823,0.3718254566192627,0.48096051812171936,0.29882487654685974,0.3050552308559418,0.33350810408592224,0.3368659019470215,0.008591700345277786,0.023647932335734367,nan,nan,0.5692538561430418,0.5822610180940763,855ecb1f7ea2e53287e669988ddbf61cb1552e64d1834504309aa647114239be
4900,gate2_train_uma_t1_12prb,12,uma,3.145625114440918,2056096601,0.00017948561340996102,0.5586032271385193,0.6127052307128906,0.41937482357025146,0.41801273822784424,0.3844110667705536,0.38612326979637146,0.049881502985954285,0.023728208616375923,nan,nan,0.5692538561430418,0.5822610180940763,855ecb1f7ea2e53287e669988ddbf61cb1552e64d1834504309aa647114239be
4925,gate2_train_cdl_a_2layer_12prb,12,cdl-a,11.892155647277832,2056096626,0.00017250244867785398,0.48883745074272156,0.6047602295875549,0.48124802112579346,0.4661632478237152,0.32525885105133057,0.3220905363559723,0.018885301426053047,0.016392935067415237,nan,nan,0.5692538561430418,0.5822610180940763,855ecb1f7ea2e53287e669988ddbf61cb1552e64d1834504309aa647114239be
4950,gate2_train_umi_t1_4prb,4,umi,12.866252899169922,2056096651,0.00016566283268462594,0.24973520636558533,0.39611679315567017,0.23944412171840668,0.2558482885360718,0.3246317505836487,0.33151090145111084,0.025590451434254646,0.03476705402135849,nan,nan,0.5692538561430418,0.5822610180940763,855ecb1f7ea2e53287e669988ddbf61cb1552e64d1834504309aa647114239be
4975,gate2_train_umi_t1_8prb,8,umi,6.697887420654297,2056096676,0.0001589679377540028,0.3498922884464264,0.4657041132450104,0.30114027857780457,0.3132752478122711,0.33349207043647766,0.34277838468551636,0.023664575070142746,0.02967182733118534,nan,nan,0.5692538561430418,0.5822610180940763,855ecb1f7ea2e53287e669988ddbf61cb1552e64d1834504309aa647114239be
5000,gate2_train_umi_t1_12prb,12,umi,12.626744270324707,2056096701,0.000152418911404235,0.31108471751213074,0.39894554018974304,0.25153860449790955,0.24911826848983765,0.3292170464992523,0.3272072672843933,0.01393792312592268,0.020458584651350975,0.5702419018126783,0.5819725066605631,0.5692538561430418,0.5819725066605631,855ecb1f7ea2e53287e669988ddbf61cb1552e64d1834504309aa647114239be
5025,gate2_train_umi_t2_12prb,12,umi,11.856887817382812,2056096726,0.00014601687615140794,0.34277892112731934,0.45240771770477295,0.2684248983860016,0.27670174837112427,0.3331247568130493,0.3366650342941284,0.014272100292146206,0.02779366634786129,nan,nan,0.5692538561430418,0.5819725066605631,855ecb1f7ea2e53287e669988ddbf61cb1552e64d1834504309aa647114239be
5050,gate2_train_uma_t1_12prb,12,uma,4.348690032958984,2056096751,0.00013976292931704287,0.4499388635158539,0.5446246266365051,0.3707353472709656,0.37279242277145386,0.34932655096054077,0.35287240147590637,0.010105904191732407,0.019401641562581062,nan,nan,0.5692538561430418,0.5819725066605631,855ecb1f7ea2e53287e669988ddbf61cb1552e64d1834504309aa647114239be
5075,gate2_train_cdl_a_2layer_12prb,12,cdl-a,2.4272871017456055,2056096776,0.00013365814284001267,0.588840901851654,0.7091982960700989,0.5505614876747131,0.546617865562439,0.33723947405815125,0.33961600065231323,0.014577235095202923,0.020947858691215515,nan,nan,0.5692538561430418,0.5819725066605631,855ecb1f7ea2e53287e669988ddbf61cb1552e64d1834504309aa647114239be
5100,gate2_train_umi_t1_4prb,4,umi,6.993433952331543,2056096801,0.00012770356309280942,0.3423662483692169,0.4789801836013794,0.3151896595954895,0.3321481943130493,0.33880752325057983,0.3492942750453949,0.01857215352356434,0.034615930169820786,nan,nan,0.5692538561430418,0.5819725066605631,855ecb1f7ea2e53287e669988ddbf61cb1552e64d1834504309aa647114239be
5125,gate2_train_umi_t1_8prb,8,umi,2.475820541381836,2056096826,0.00012190021070219406,0.4318561255931854,0.5472308993339539,0.3702767491340637,0.3823767900466919,0.3517630100250244,0.36414745450019836,0.01120759453624487,0.02931937202811241,nan,nan,0.5692538561430418,0.5819725066605631,855ecb1f7ea2e53287e669988ddbf61cb1552e64d1834504309aa647114239be
5150,gate2_train_umi_t1_12prb,12,umi,2.569814682006836,2056096851,0.00011624908037425909,0.48028162121772766,0.5711695551872253,0.39171943068504333,0.3957740068435669,0.3506690263748169,0.3562600910663605,0.006835597567260265,0.021998172625899315,nan,nan,0.5692538561430418,0.5819725066605631,855ecb1f7ea2e53287e669988ddbf61cb1552e64d1834504309aa647114239be
5175,gate2_train_umi_t2_12prb,12,umi,9.567276000976562,2056096876,0.00011075114072393486,0.4042152464389801,0.4962785243988037,0.30302894115448,0.307877779006958,0.34042319655418396,0.34437763690948486,0.032676033675670624,0.01950252428650856,nan,nan,0.5692538561430418,0.5819725066605631,855ecb1f7ea2e53287e669988ddbf61cb1552e64d1834504309aa647114239be
5200,gate2_train_uma_t1_12prb,12,uma,-0.9603757858276367,2056096901,0.00010540733410896512,0.5832202434539795,0.6748957633972168,0.4754942059516907,0.4793228507041931,0.389424204826355,0.39903226494789124,0.01716947928071022,0.021299351006746292,nan,nan,0.5692538561430418,0.5819725066605631,855ecb1f7ea2e53287e669988ddbf61cb1552e64d1834504309aa647114239be
5225,gate2_train_cdl_a_2layer_12prb,12,cdl-a,4.936718940734863,2056096926,0.00010021857646838658,0.6354445815086365,0.7571662068367004,0.6070402264595032,0.60304194688797,0.3314454257488251,0.3322433531284332,0.022533979266881943,0.02978675812482834,nan,nan,0.5692538561430418,0.5819725066605631,855ecb1f7ea2e53287e669988ddbf61cb1552e64d1834504309aa647114239be
5250,gate2_train_umi_t1_4prb,4,umi,7.648015975952148,2056096951,9.518575716553472e-05,0.327152818441391,0.4563998878002167,0.2960122227668762,0.3111879229545593,0.3369409143924713,0.34609588980674744,0.015455828979611397,0.035188645124435425,0.570198604158744,0.5817179081836982,0.5692538561430418,0.5817179081836982,855ecb1f7ea2e53287e669988ddbf61cb1552e64d1834504309aa647114239be
5275,gate2_train_umi_t1_8prb,8,umi,11.083606719970703,2056096976,9.030973883560524e-05,0.3113372325897217,0.4164469838142395,0.2664635181427002,0.2746987044811249,0.3251141607761383,0.3305778205394745,0.011457507498562336,0.02356218732893467,nan,nan,0.5692538561430418,0.5817179081836982,855ecb1f7ea2e53287e669988ddbf61cb1552e64d1834504309aa647114239be
5300,gate2_train_umi_t1_12prb,12,umi,2.4130449295043945,2056097001,8.559135723779622e-05,0.4417015314102173,0.5696765184402466,0.39069798588752747,0.39574748277664185,0.34993380308151245,0.35702037811279297,0.021324625238776207,0.02411792241036892,nan,nan,0.5692538561430418,0.5817179081836982,855ecb1f7ea2e53287e669988ddbf61cb1552e64d1834504309aa647114239be
5325,gate2_train_umi_t2_12prb,12,umi,1.0309209823608398,2056097026,8.103142111205765e-05,0.5357725024223328,0.6324235200881958,0.43238595128059387,0.4378526508808136,0.36410778760910034,0.3729897141456604,0.008444217965006828,0.01963261514902115,nan,nan,0.5692538561430418,0.5817179081836982,855ecb1f7ea2e53287e669988ddbf61cb1552e64d1834504309aa647114239be
5350,gate2_train_uma_t1_12prb,12,uma,3.9064245223999023,2056097051,7.663071204047236e-05,0.5173030495643616,0.5651538968086243,0.3804520070552826,0.3797689378261566,0.3588310778141022,0.3590233325958252,0.033070072531700134,0.01556636393070221,nan,nan,0.5692538561430418,0.5817179081836982,855ecb1f7ea2e53287e669988ddbf61cb1552e64d1834504309aa647114239be
5375,gate2_train_cdl_a_2layer_12prb,12,cdl-a,2.9647445678710938,2056097076,7.23899843132901e-05,0.589439868927002,0.7089442610740662,0.554361879825592,0.5493869781494141,0.3348610997200012,0.3371036946773529,0.01377108134329319,0.01984844170510769,nan,nan,0.5692538561430418,0.5817179081836982,855ecb1f7ea2e53287e669988ddbf61cb1552e64d1834504309aa647114239be
5400,gate2_train_umi_t1_4prb,4,umi,11.137149810791016,2056097101,6.830996479964168e-05,0.2842765748500824,0.427775502204895,0.27335065603256226,0.2889147996902466,0.3275792598724365,0.3348070979118347,0.02737455628812313,0.03364476189017296,nan,nan,0.5692538561430418,0.5817179081836982,855ecb1f7ea2e53287e669988ddbf61cb1552e64d1834504309aa647114239be
5425,gate2_train_umi_t1_8prb,8,umi,3.799030303955078,2056097126,6.439135282295198e-05,0.4117528200149536,0.5277774930000305,0.36015722155570984,0.37075600028038025,0.3439461886882782,0.3546994626522064,0.014951956458389759,0.03000671975314617,nan,nan,0.5692538561430418,0.5817179081836982,855ecb1f7ea2e53287e669988ddbf61cb1552e64d1834504309aa647114239be
5450,gate2_train_umi_t1_12prb,12,umi,7.648087501525879,2056097151,6.063482004107407e-05,0.35554224252700806,0.46556466817855835,0.3086768686771393,0.3098185956478119,0.3334279954433441,0.3346171975135803,0.008449915796518326,0.02229745127260685,nan,nan,0.5692538561430418,0.5817179081836982,855ecb1f7ea2e53287e669988ddbf61cb1552e64d1834504309aa647114239be
5475,gate2_train_umi_t2_12prb,12,umi,9.300959587097168,2056097176,5.704101033116645e-05,0.32181939482688904,0.4551432728767395,0.28270605206489563,0.28759682178497314,0.3294796347618103,0.33200758695602417,0.025194209069013596,0.027529379352927208,nan,nan,0.5692538561430418,0.5817179081836982,855ecb1f7ea2e53287e669988ddbf61cb1552e64d1834504309aa647114239be
5500,gate2_train_uma_t1_12prb,12,uma,5.055267333984375,2056097201,5.3610539679330274e-05,0.45087000727653503,0.5225474834442139,0.35484424233436584,0.35538265109062195,0.3469885289669037,0.3499611020088196,0.027807926759123802,0.020130310207605362,0.5702386378201483,0.5815939256780345,0.5692538561430418,0.5815939256780345,855ecb1f7ea2e53287e669988ddbf61cb1552e64d1834504309aa647114239be
5525,gate2_train_cdl_a_2layer_12prb,12,cdl-a,0.8597040176391602,2056097226,5.0343996075029196e-05,0.6489930748939514,0.7674477696418762,0.6048974394798279,0.5999078750610352,0.3423479199409485,0.3466089069843292,0.015351898968219757,0.021678635850548744,nan,nan,0.5692538561430418,0.5815939256780345,855ecb1f7ea2e53287e669988ddbf61cb1552e64d1834504309aa647114239be
5550,gate2_train_umi_t1_4prb,4,umi,6.006879806518555,2056097251,4.724193941030597e-05,0.38091322779655457,0.49564486742019653,0.33381009101867676,0.3462652862071991,0.34502989053726196,0.354123592376709,0.01257194485515356,0.03307248651981354,nan,nan,0.5692538561430418,0.5815939256780345,855ecb1f7ea2e53287e669988ddbf61cb1552e64d1834504309aa647114239be
5575,gate2_train_umi_t1_8prb,8,umi,2.8431711196899414,2056097276,4.430490138381622e-05,0.39856255054473877,0.5344804525375366,0.36169907450675964,0.3731136918067932,0.34913477301597595,0.36107248067855835,0.028522374108433723,0.030378684401512146,nan,nan,0.5692538561430418,0.5815939256780345,855ecb1f7ea2e53287e669988ddbf61cb1552e64d1834504309aa647114239be
5600,gate2_train_umi_t1_12prb,12,umi,7.166534423828125,2056097301,4.153338540969437e-05,0.40314188599586487,0.47919997572898865,0.31745654344558716,0.3185183107852936,0.33465155959129333,0.3356773853302002,0.007770966272801161,0.018014676868915558,nan,nan,0.5692538561430418,0.5815939256780345,855ecb1f7ea2e53287e669988ddbf61cb1552e64d1834504309aa647114239be
5625,gate2_train_umi_t2_12prb,12,umi,3.3043928146362305,2056097326,3.892786653126688e-05,0.458784818649292,0.5607579350471497,0.36908718943595886,0.3753732740879059,0.34940147399902344,0.3556327819824219,0.011739986948668957,0.022272197529673576,nan,nan,0.5692538561430418,0.5815939256780345,855ecb1f7ea2e53287e669988ddbf61cb1552e64d1834504309aa647114239be
5650,gate2_train_uma_t1_12prb,12,uma,7.115439414978027,2056097351,3.6488791339629804e-05,0.39718151092529297,0.5032490491867065,0.34176361560821533,0.34212085604667664,0.3429911434650421,0.3435855507850647,0.011309968307614326,0.01757413148880005,nan,nan,0.5692538561430418,0.5815939256780345,855ecb1f7ea2e53287e669988ddbf61cb1552e64d1834504309aa647114239be
5675,gate2_train_cdl_a_2layer_12prb,12,cdl-a,8.596891403198242,2056097376,3.421657789710094e-05,0.5738181471824646,0.6910463571548462,0.558229923248291,0.5477520823478699,0.32688453793525696,0.32500094175338745,0.017561521381139755,0.02582468092441559,nan,nan,0.5692538561430418,0.5815939256780345,855ecb1f7ea2e53287e669988ddbf61cb1552e64d1834504309aa647114239be
5700,gate2_train_umi_t1_4prb,4,umi,-1.1935844421386719,2056097401,3.2111615665564534e-05,0.5428609251976013,0.6847846508026123,0.48898136615753174,0.5048609972000122,0.42426222562789917,0.44538193941116333,0.031313456594944,0.06157778203487396,nan,nan,0.5692538561430418,0.5815939256780345,855ecb1f7ea2e53287e669988ddbf61cb1552e64d1834504309aa647114239be
5725,gate2_train_umi_t1_8prb,8,umi,-0.11604690551757812,2056097426,3.0174265439715536e-05,0.49591881036758423,0.6193280816078186,0.4319329857826233,0.4427071809768677,0.3751330077648163,0.38872337341308594,0.01569666527211666,0.025031812489032745,nan,nan,0.5692538561430418,0.5815939256780345,855ecb1f7ea2e53287e669988ddbf61cb1552e64d1834504309aa647114239be
5750,gate2_train_umi_t1_12prb,12,umi,6.663919448852539,2056097451,2.840485928521962e-05,0.37067222595214844,0.4686753451824188,0.2995653450489044,0.3022679388523102,0.33800190687179565,0.33999764919281006,0.009554591029882431,0.017352987080812454,0.5701832889351433,0.5815124812349944,0.5692538561430418,0.5815124812349944,855ecb1f7ea2e53287e669988ddbf61cb1552e64d1834504309aa647114239be
5775,gate2_train_umi_t2_12prb,12,umi,0.1222848892211914,2056097476,2.680370048179558e-05,0.5319931507110596,0.6440103650093079,0.4416261911392212,0.4484023153781891,0.3697151839733124,0.3796060383319855,0.010433976538479328,0.021578267216682434,nan,nan,0.5692538561430418,0.5815124812349944,855ecb1f7ea2e53287e669988ddbf61cb1552e64d1834504309aa647114239be
5800,gate2_train_uma_t1_12prb,12,uma,1.6528100967407227,2056097501,2.5371063471233387e-05,0.543150782585144,0.613828182220459,0.4254349172115326,0.4245794415473938,0.37470000982284546,0.3767014741897583,0.023003898561000824,0.015606611967086792,nan,nan,0.5692538561430418,0.5815124812349944,855ecb1f7ea2e53287e669988ddbf61cb1552e64d1834504309aa647114239be
5825,gate2_train_cdl_a_2layer_12prb,12,cdl-a,-1.4864158630371094,2056097526,2.4107193810353886e-05,0.6589906215667725,0.7790245413780212,0.6041101813316345,0.6014832258224487,0.3563137352466583,0.3629571199417114,0.014100241474807262,0.02017686888575554,nan,nan,0.5692538561430418,0.5815124812349944,855ecb1f7ea2e53287e669988ddbf61cb1552e64d1834504309aa647114239be
5850,gate2_train_umi_t1_4prb,4,umi,7.454065322875977,2056097551,2.3012308128919758e-05,0.3197612762451172,0.46150490641593933,0.3018344044685364,0.3167524039745331,0.3372873365879059,0.3459254801273346,0.019661273807287216,0.034398097544908524,nan,nan,0.5692538561430418,0.5815124812349944,855ecb1f7ea2e53287e669988ddbf61cb1552e64d1834504309aa647114239be
5875,gate2_train_umi_t1_8prb,8,umi,1.6328763961791992,2056097576,2.208659409250523e-05,0.45857933163642883,0.5736425518989563,0.3958341181278229,0.40612122416496277,0.35868528485298157,0.3708648979663849,0.01109225396066904,0.0263892263174057,nan,nan,0.5692538561430418,0.5815124812349944,855ecb1f7ea2e53287e669988ddbf61cb1552e64d1834504309aa647114239be
5900,gate2_train_umi_t1_12prb,12,umi,11.579886436462402,2056097601,2.133021037032952e-05,0.316043883562088,0.42886513471603394,0.2834802269935608,0.2828299105167389,0.32775357365608215,0.326821506023407,0.0191997941583395,0.021989360451698303,nan,nan,0.5692538561430418,0.5815124812349944,855ecb1f7ea2e53287e669988ddbf61cb1552e64d1834504309aa647114239be
5925,gate2_train_umi_t2_12prb,12,umi,7.15798282623291,2056097626,2.0743286608060318e-05,0.3953607976436615,0.49992746114730835,0.3206452429294586,0.3261452317237854,0.33490055799484253,0.33817631006240845,0.013331362046301365,0.023757465183734894,nan,nan,0.5692538561430418,0.5815124812349944,855ecb1f7ea2e53287e669988ddbf61cb1552e64d1834504309aa647114239be
5950,gate2_train_uma_t1_12prb,12,uma,9.705010414123535,2056097651,2.032592340559308e-05,0.4028456509113312,0.48238605260849,0.3224624991416931,0.31991204619407654,0.3431965708732605,0.34377384185791016,0.028035903349518776,0.016779424622654915,nan,nan,0.5692538561430418,0.5815124812349944,855ecb1f7ea2e53287e669988ddbf61cb1552e64d1834504309aa647114239be
5975,gate2_train_cdl_a_2layer_12prb,12,cdl-a,1.9408378601074219,2056097676,2.0078192299807032e-05,0.630350649356842,0.7497865557670593,0.5914422273635864,0.5870221257209778,0.33786097168922424,0.3411083519458771,0.015577376820147038,0.022518429905176163,nan,nan,0.5692538561430418,0.5815124812349944,855ecb1f7ea2e53287e669988ddbf61cb1552e64d1834504309aa647114239be
5999,gate2_train_cdl_a_2layer_12prb,12,cdl-a,13.225510597229004,2056097700,2e-05,0.5038183927536011,0.6217275857925415,0.5015162229537964,0.48800912499427795,0.3245963156223297,0.32095474004745483,0.021542683243751526,0.016946973279118538,0.5701801970923805,0.5814786424622466,0.5692538561430418,0.5815124812349944,855ecb1f7ea2e53287e669988ddbf61cb1552e64d1834504309aa647114239be
