scope,pairs,comparator,tbler_delta_proposed_minus_comparator_mean,tbler_delta_proposed_minus_comparator_ci95_low,tbler_delta_proposed_minus_comparator_ci95_high,information_ber_delta_proposed_minus_comparator_mean,information_ber_delta_proposed_minus_comparator_ci95_low,information_ber_delta_proposed_minus_comparator_ci95_high,coded_bit_nll_delta_proposed_minus_comparator_mean,coded_bit_nll_delta_proposed_minus_comparator_ci95_low,coded_bit_nll_delta_proposed_minus_comparator_ci95_high,case
pooled,128,diagonal_posterior_fixed_graph,-0.000244140625,-0.00072265625,0.00023437499999999994,3.272286267019472e-05,-0.0002457847845305819,0.00031123050987097136,1.4856457710263945e-05,1.1086180350547625e-06,2.8604297385473126e-05,
pooled,128,full_graph,-0.009521484375,-0.014516612329999276,-0.004526356420000724,-0.013297348268679348,-0.01614191484017896,-0.010452781697179735,-0.1089296203572303,-0.13697623201608614,-0.08088300869837448,
pooled,128,graph_off,-0.177978515625,-0.19299130630326297,-0.16296572494673703,-0.03959851800755132,-0.04308466633907314,-0.0361123696760295,0.047516301507130265,0.021312241141265238,0.0737203618729953,
pooled,128,ls_lmmse,0.28564453125,0.24421065020325627,0.3270784122967437,0.09210725924594954,0.08094584079230333,0.10326867769959575,,,,
pooled,128,mean_only_graph_fixed_cardinality,-0.0006103515625,-0.002027411178304202,0.0008067080533042017,2.8507900424297504e-05,-0.0001561699393644772,0.00021318574021307222,8.728913962841077e-05,-1.1654191178951109e-05,0.00018623247043577265,
pooled,128,perfect_csi_lmmse,0.44873046875,0.4144688847163164,0.4829920527836836,0.12859340194347624,0.11887682255808694,0.13830998132886554,,,,
pooled,128,proposed_iter1,-0.18994140625,-0.2059084718778927,-0.1739743406221073,-0.04352061277313624,-0.047352386274539714,-0.03968883927173277,0.04171791416592896,0.013489229955410149,0.06994659837644777,
pooled,128,proposed_iter2,-0.0423583984375,-0.04911946738452749,-0.03559732949047251,-0.00323817477328703,-0.004915684734665093,-0.0015606648119089665,0.06559939077124,0.04708225097040451,0.08411653057207548,
pooled,128,proposed_iter3,-0.0157470703125,-0.020023620090688095,-0.011470520534311907,-0.0011781475768657397,-0.002531631207197074,0.0001753360534655949,-0.03367484034970403,-0.0416242199505091,-0.025725460748898955,
pooled,128,proposed_temperature_calibrated,-0.0286865234375,-0.037204426479546304,-0.020168620395453696,0.013970872343634255,0.010735370546329679,0.017206374140938833,0.11381222028285265,0.08602908931943355,0.14159535124627173,
pooled,128,random_graph_fixed_cardinality,-0.04931640625,-0.05735092811810422,-0.04128188438189578,-0.012187994419946342,-0.014012881717643921,-0.010363107122248763,-0.01516848267056048,-0.018540731305242954,-0.011796234035878005,
pooled,128,true_channel_iter1,-0.049560546875,-0.06321642476541992,-0.03590466898458008,0.003256877011153844,-0.0011719809749312624,0.007685734997238951,0.07910734391771257,0.05367880727711828,0.10453588055830686,
pooled,128,true_channel_iter4,0.12548828125,0.10258005341368787,0.14839650908631213,0.020571863860823214,0.014661283253324504,0.026482444468321924,-0.7613217602483928,-0.9780687622873766,-0.544574758209409,
pooled,128,uncertainty_off_fixed_graph,-0.0306396484375,-0.03887953906066285,-0.022399757814337153,-0.024474114514305256,-0.026685844087697457,-0.022262384940913055,-0.8225061693228781,-1.0125330778379278,-0.6324792608078285,
pooled,128,uncertainty_off_temperature_calibrated,-0.05126953125,-0.06476317215936497,-0.03777589034063503,0.0029915167397120968,-0.00040315778829412953,0.006386191267718323,0.07025328325107694,0.04652321629405013,0.09398335020810375,
pooled,128,untrained_proposed,-0.32763671875,-0.3600410792193588,-0.2952323582806412,-0.16722882872272749,-0.178881141299863,-0.15557651614559198,-0.26400433178059757,-0.3068473669146454,-0.22116129664654974,
pooled,128,variance_scaled_proposed,-0.0001220703125,-0.0028288801996709076,0.0025847395746709076,0.00017572932119946867,-0.0007510853444613003,0.0011025439868602377,-0.08133161463774741,-0.12969489037350834,-0.03296833890198647,
per_case,32,diagonal_posterior_fixed_graph,0.0,0.0,0.0,7.210345938802112e-05,-0.0009477564798019813,0.0010919633985780235,6.7241489887133465e-06,-3.675569464458695e-06,1.712386744188539e-05,diag_cdl_a_single_user_2layer
per_case,32,diagonal_posterior_fixed_graph,0.0,0.0,0.0,0.00011571275535970926,-5.209271208993959e-05,0.0002835182228093581,-6.024725735180592e-06,-1.860946315025915e-05,6.560011679897965e-06,diag_uma_type1_4user
per_case,32,diagonal_posterior_fixed_graph,-0.0009765625,-0.002890625,0.0009374999999999997,0.00012143794447183219,-0.00016847988333626158,0.00041135577227992596,5.4853036999698984e-05,8.618603360099809e-06,0.00010108747063929815,diag_umi_type1_2user_2layer
per_case,32,diagonal_posterior_fixed_graph,0.0,0.0,0.0,-0.00017836270853878369,-0.0005118622650015067,0.00015513684792393934,3.87337058782404e-06,-1.6562868840723137e-05,2.4309610016371218e-05,diag_umi_type2_2user_2layer
per_case,32,full_graph,0.0,0.0,0.0,0.0,0.0,0.0,0.0,0.0,0.0,diag_cdl_a_single_user_2layer
per_case,32,full_graph,0.001953125,-0.0055471768882454685,0.009453426888245468,-0.001515070849563928,-0.0033034546139054126,0.0002733129147775564,-0.010867866687476632,-0.01691624858702148,-0.004819484787931784,diag_uma_type1_4user
per_case,32,full_graph,-0.0166015625,-0.027597014440639195,-0.005606110559360805,-0.025627174414694316,-0.03012218300903727,-0.02113216582035136,-0.21328751370310783,-0.27791248290387366,-0.148662544502342,diag_umi_type1_2user_2layer
per_case,32,full_graph,-0.0234375,-0.03662702552859104,-0.010247974471408959,-0.02604714781045915,-0.031623420281559164,-0.020470875339359138,-0.21156310103833675,-0.26953124508221177,-0.15359495699446174,diag_umi_type2_2user_2layer
per_case,32,graph_off,-0.083984375,-0.10771237557480026,-0.06025637442519974,-0.024420387111604207,-0.03075460832762464,-0.018086165895583775,0.13281072117388248,0.06609618345411969,0.19952525889364528,diag_cdl_a_single_user_2layer
per_case,32,graph_off,-0.2265625,-0.2474622575988702,-0.2056627424011298,-0.050158184312749654,-0.05412827846173377,-0.04618809016376554,-0.06716975569725038,-0.07597936542168186,-0.0583601459728189,diag_uma_type1_4user
per_case,32,graph_off,-0.19921875,-0.22498129820216647,-0.17345620179783353,-0.03968486888334155,-0.046932707896677306,-0.032437029870005796,0.07662506215274334,0.028356023906189978,0.1248941003992967,diag_umi_type1_2user_2layer
per_case,32,graph_off,-0.2021484375,-0.22482461299661097,-0.17947226200338903,-0.04413063172250986,-0.05090025184137928,-0.03736101160364044,0.047799178399145596,0.005877816580389605,0.08972054021790159,diag_umi_type2_2user_2layer
per_case,32,ls_lmmse,0.134765625,0.0678254990599146,0.20170575094008542,0.06275931815616786,0.037491068871273264,0.08802756744106247,,,,diag_cdl_a_single_user_2layer
per_case,32,ls_lmmse,0.1455078125,0.07393059232394168,0.21708503267605833,0.04516029405749579,0.034811756302830524,0.055508831812161055,,,,diag_uma_type1_4user
per_case,32,ls_lmmse,0.4072265625,0.3424661045687625,0.4719870204312375,0.12572546112642158,0.10904293497059855,0.1424079872822446,,,,diag_umi_type1_2user_2layer
per_case,32,ls_lmmse,0.455078125,0.39432797520356067,0.5158282747964393,0.13478396364371292,0.11829280055298388,0.15127512673444196,,,,diag_umi_type2_2user_2layer
per_case,32,mean_only_graph_fixed_cardinality,0.0,0.0,0.0,0.0,0.0,0.0,0.0,0.0,0.0,diag_cdl_a_single_user_2layer
per_case,32,mean_only_graph_fixed_cardinality,-0.00048828125,-0.002163637132080498,0.001187074632080498,0.00027974415570497513,-6.65171336896147e-05,0.000626005445099565,-4.706718027591705e-05,-0.0002024923238428373,0.0001083579632910032,diag_uma_type1_4user
per_case,32,mean_only_graph_fixed_cardinality,-0.001953125,-0.00578125,0.0018749999999999995,4.4270418584355445e-06,-0.0003819861956955398,0.0003908402794124109,3.418885171416891e-06,-0.00016689120650178145,0.00017372897684461523,diag_umi_type1_2user_2layer
per_case,32,mean_only_graph_fixed_cardinality,0.0,-0.003889378889380834,0.003889378889380834,-0.00017013959586622066,-0.0006962575253129699,0.0003559783335805286,0.00039280485361814325,9.007761365626197e-05,0.0006955320935800246,diag_umi_type2_2user_2layer
per_case,32,perfect_csi_lmmse,0.2734375,0.2032668096709887,0.3436081903290113,0.11279423022642732,0.08953810741600082,0.1360503530368538,,,,diag_cdl_a_single_user_2layer
per_case,32,perfect_csi_lmmse,0.37890625,0.3230662271989537,0.4347462728010463,0.08050473759033139,0.06853045531150348,0.0924790198691593,,,,diag_uma_type1_4user
per_case,32,perfect_csi_lmmse,0.5673828125,0.5285757196828327,0.6061899053171673,0.16046300244852318,0.14855936789126956,0.1723666370057768,,,,diag_umi_type1_2user_2layer
per_case,32,perfect_csi_lmmse,0.5751953125,0.5358318605573975,0.6145587644426025,0.16061163750862306,0.14833166277027343,0.1728916122469727,,,,diag_umi_type2_2user_2layer
per_case,32,proposed_iter1,-0.08984375,-0.11618693557348891,-0.06350056442651109,-0.02261779457330704,-0.029904647794897307,-0.015330941351716774,0.15574653632938862,0.08060169020702622,0.230891382451751,diag_cdl_a_single_user_2layer
per_case,32,proposed_iter1,-0.2451171875,-0.2667477602260871,-0.2234866147739129,-0.055066428205464035,-0.059063819640079944,-0.05106903677084813,-0.07560200616717339,-0.08490867568324101,-0.06629533665110576,diag_uma_type1_4user
per_case,32,proposed_iter1,-0.212890625,-0.23975797185081343,-0.18602327814918657,-0.0459167780354619,-0.0530725368372922,-0.03876101923363161,0.058335188776254654,0.010517915127018516,0.10615246242549078,diag_umi_type1_2user_2layer
per_case,32,proposed_iter1,-0.2119140625,-0.23536904484912696,-0.18845908015087304,-0.05048145027831198,-0.0570343357101778,-0.043928564846446166,0.028391937725245946,-0.012414279756481517,0.06919815520697341,diag_umi_type2_2user_2layer
per_case,32,proposed_iter2,-0.037109375,-0.053481188657841225,-0.020737561342158775,-0.01078519597649574,-0.014320972414595807,-0.007249419538395672,0.09587753191590309,0.05135590720358858,0.14039915662821761,diag_cdl_a_single_user_2layer
per_case,32,proposed_iter2,-0.03857421875,-0.047797089120494005,-0.029351348379505995,-0.005119959125295281,-0.006569675788386144,-0.0036702424622044186,-0.008788208477199069,-0.013142076018446183,-0.004434340935951955,diag_uma_type1_4user
per_case,32,proposed_iter2,-0.0439453125,-0.058461445524700534,-0.02942917947529947,0.0020606461912393596,-0.0012935239623304072,0.005414816344809127,0.10180702991783619,0.06290302550196131,0.14071103433371107,diag_umi_type1_2user_2layer
per_case,32,proposed_iter2,-0.0498046875,-0.0629538299673968,-0.036655545032603196,0.000891809817403541,-0.0017858357527658028,0.003569455387572885,0.07350120972841978,0.03981599806230905,0.10718642139453051,diag_umi_type2_2user_2layer
per_case,32,proposed_iter3,-0.013671875,-0.022767327032134015,-0.004576422967865984,-0.0009677079506218381,-0.00391576982772714,0.0019803539264834635,0.0015732217580080102,-0.007920520251128512,0.011066963767144533,diag_cdl_a_single_user_2layer
per_case,32,proposed_iter3,-0.01611328125,-0.023189970467794627,-0.009036592032205372,-0.004622777283657344,-0.005781816077349467,-0.0034637384899652212,-0.01331413257867098,-0.016619934719667603,-0.010008330437674358,diag_uma_type1_4user
per_case,32,proposed_iter3,-0.013671875,-0.020915680034546982,-0.006428069965453017,0.0015736320056021292,-0.001687029957200842,0.004834293968405101,-0.06496315263211727,-0.08410825255505153,-0.04581805270918301,diag_umi_type1_2user_2layer
per_case,32,proposed_iter3,-0.01953125,-0.030093617280613022,-0.00896888271938698,-0.0006957370787859058,-0.0033244925316234385,0.0019330183740516268,-0.05799529794603586,-0.07095671715709283,-0.0450338787349789,diag_umi_type2_2user_2layer
per_case,32,proposed_temperature_calibrated,-0.009765625,-0.017754252071493525,-0.0017769979285064772,0.03631370305083692,0.02782400635796198,0.044803399743711864,0.24184335861355066,0.1615609097825538,0.32212580744454755,diag_cdl_a_single_user_2layer
per_case,32,proposed_temperature_calibrated,0.00341796875,0.0001250705533138866,0.006710866946686113,0.0029207864427007717,0.001899757540904739,0.003941815344496805,0.0027597267180681194,0.00025040826004218975,0.005269045176094049,diag_uma_type1_4user
per_case,32,proposed_temperature_calibrated,-0.0576171875,-0.08145203232685458,-0.033782342673145414,0.0063052796758711355,0.0040633476208716,0.008547211730870672,0.10922410618513823,0.07089418901409808,0.14755402335617837,diag_umi_type1_2user_2layer
per_case,32,proposed_temperature_calibrated,-0.05078125,-0.06526886006909396,-0.036293639930906035,0.010343720205128182,0.007605464881361657,0.013081975528894708,0.10142168961465359,0.06755099545318474,0.13529238377612243,diag_umi_type2_2user_2layer
per_case,32,random_graph_fixed_cardinality,0.0,0.0,0.0,0.0,0.0,0.0,0.0,0.0,0.0,diag_cdl_a_single_user_2layer
per_case,32,random_graph_fixed_cardinality,-0.0517578125,-0.06271018708818103,-0.04080543791181897,-0.011304855754133316,-0.01293702632098648,-0.009672685187280152,-0.01781598851084709,-0.021593260447475098,-0.014038716574219085,diag_uma_type1_4user
per_case,32,random_graph_fixed_cardinality,-0.0654296875,-0.08290148030720955,-0.04795789469279045,-0.018105619121342897,-0.021912466294122412,-0.014298771948563382,-0.020860224962234494,-0.03141624211121521,-0.010304207813253778,diag_umi_type1_2user_2layer
per_case,32,random_graph_fixed_cardinality,-0.080078125,-0.09353377402233999,-0.06662247597766001,-0.01934150280430915,-0.022210379881701405,-0.016472625726916896,-0.021997717209160335,-0.026632646032343596,-0.017362788385977074,diag_umi_type2_2user_2layer
per_case,32,true_channel_iter1,-0.0703125,-0.09214158487712164,-0.04848341512287836,-0.016056357882916927,-0.0240172217074706,-0.008095494058363253,0.11791730672121048,0.0470656769556306,0.18876893648679036,diag_cdl_a_single_user_2layer
per_case,32,true_channel_iter1,0.01171875,-0.011167526663673575,0.03460502666367357,0.016384125221520666,0.010017270481312087,0.022750979961729242,-0.0026865284889936447,-0.012351602714952503,0.006978545736965214,diag_uma_type1_4user
per_case,32,true_channel_iter1,-0.072265625,-0.09856390993479361,-0.04596734006520639,0.004956181161105628,-0.0021387583340735043,0.01205112065628476,0.1090372009202838,0.061561735012112276,0.15651266682845533,diag_umi_type1_2user_2layer
per_case,32,true_channel_iter1,-0.0673828125,-0.09462365337522982,-0.04014197162477018,0.00774355954490601,-0.0020925158313735443,0.017579634921185562,0.09216139651834965,0.04654419235926463,0.13777860067743466,diag_umi_type2_2user_2layer
per_case,32,true_channel_iter4,0.0078125,-0.012583574965344079,0.02820857496534408,-0.012738322839140899,-0.01764514009936783,-0.007831505578913966,-1.2375754937529564,-1.7349459129789444,-0.7402050745269684,diag_cdl_a_single_user_2layer
per_case,32,true_channel_iter4,0.25390625,0.20073757280536766,0.3070749271946323,0.054452897747978575,0.04210478603076494,0.06680100946519221,0.05902377609163523,0.03274938290020808,0.08529816928306237,diag_uma_type1_4user
per_case,32,true_channel_iter4,0.1240234375,0.09604634071120305,0.15200053428879695,0.016893137944862253,0.010710454008360227,0.02307582188136428,-1.1958869639784098,-1.7558573541191034,-0.6359165738377162,diag_umi_type1_2user_2layer
per_case,32,true_channel_iter4,0.1162109375,0.08786454551743353,0.14455732948256647,0.023679742589592923,0.015015104108479012,0.032344381070706835,-0.6708483593538404,-0.9397328089804456,-0.40196390972723506,diag_umi_type2_2user_2layer
per_case,32,uncertainty_off_fixed_graph,-0.005859375,-0.017343749999999998,0.005624999999999996,-0.01468638889491558,-0.01694253944340025,-0.012430238346430911,-0.9662112891674042,-1.3662260997895415,-0.5661964785452669,diag_cdl_a_single_user_2layer
per_case,32,uncertainty_off_fixed_graph,-0.04541015625,-0.06129002961731672,-0.029530282882683282,-0.01816177408909425,-0.022095395796970153,-0.01422815238121835,-0.19755151588469744,-0.27079187605937194,-0.12431115571002294,diag_uma_type1_4user
per_case,32,uncertainty_off_fixed_graph,-0.025390625,-0.04309424290376646,-0.007687007096233538,-0.032255024183541536,-0.035248883195503504,-0.029261165171579572,-1.1452767886221409,-1.628759171393607,-0.6617944058506748,diag_umi_type1_2user_2layer
per_case,32,uncertainty_off_fixed_graph,-0.0458984375,-0.06262375599930217,-0.02917311900069782,-0.03279327088966966,-0.0370058927090474,-0.02858064907029191,-0.98098508361727,-1.3354260888886893,-0.6265440783458507,diag_umi_type2_2user_2layer
per_case,32,uncertainty_off_temperature_calibrated,0.021484375,0.009675289378614846,0.033293460621385156,0.03012163960374892,0.022870068409963643,0.037373210797534195,0.2229247996583581,0.15811387243416614,0.28773572688255006,diag_cdl_a_single_user_2layer
per_case,32,uncertainty_off_temperature_calibrated,-0.0205078125,-0.033799981798658084,-0.007215643201341918,-0.002438863448332997,-0.0039985181637990155,-0.0008792087328669783,-0.013662748038768763,-0.019195935224841563,-0.008129560852695963,diag_uma_type1_4user
per_case,32,uncertainty_off_temperature_calibrated,-0.0986328125,-0.12801106222238615,-0.06925456277761385,-0.0084057729691267,-0.010713675031530763,-0.006097870906722636,0.027874966152012348,0.003514380238965102,0.052235552065059594,diag_umi_type1_2user_2layer
per_case,32,uncertainty_off_temperature_calibrated,-0.107421875,-0.12646345341026669,-0.08838029658973331,-0.007310936227440839,-0.009403864491996337,-0.005218007962885342,0.04387611523270607,0.02561575561504879,0.062136474850363346,diag_umi_type2_2user_2layer
per_case,32,untrained_proposed,-0.140625,-0.17408270229322292,-0.10716729770677706,-0.07004938460886478,-0.07822842695590362,-0.06187034226182595,0.011276369914412502,-0.02606571781136365,0.048618457640188656,diag_cdl_a_single_user_2layer
per_case,32,untrained_proposed,-0.5546875,-0.6123763116703359,-0.4969986883296641,-0.23676428088219836,-0.24843344594197642,-0.2250951158224203,-0.36887673288583755,-0.44048832482007527,-0.29726514095159984,diag_uma_type1_4user
per_case,32,untrained_proposed,-0.30859375,-0.34202318215526983,-0.27516431784473017,-0.17807211820036173,-0.18884156679697386,-0.1673026696037496,-0.31838953867554665,-0.38128929286728463,-0.25548978448380866,diag_umi_type1_2user_2layer
per_case,32,untrained_proposed,-0.306640625,-0.3352794372963482,-0.2780018127036518,-0.18402953119948506,-0.19335106213673,-0.17470800026224012,-0.38002742547541857,-0.46255919429725406,-0.2974956566535831,diag_umi_type2_2user_2layer
per_case,32,variance_scaled_proposed,0.005859375,-0.0025893998555621845,0.014308149855562185,-0.005006782710552216,-0.007632684561890975,-0.002380880859213456,-0.38674870878458023,-0.5363916618985469,-0.2371057556706136,diag_cdl_a_single_user_2layer
per_case,32,variance_scaled_proposed,-0.00341796875,-0.006410003177541484,-0.0004259343224585154,0.0008983616135083124,0.00019403733030976737,0.0016026858967068574,0.00010840781033039266,-0.0016125063477886498,0.001829321968449435,diag_uma_type1_4user
per_case,32,variance_scaled_proposed,-0.0009765625,-0.005311410063532949,0.003358285063532949,0.0022655727807432404,0.0013327566667172307,0.00319838889476925,0.03422337118536234,0.018714534167511933,0.049732208203212745,diag_umi_type1_2user_2layer
per_case,32,variance_scaled_proposed,-0.001953125,-0.00578125,0.0018749999999999995,0.0025457656010985374,0.0014575042246333374,0.0036340269775637377,0.027090471237897873,0.01294206093445913,0.04123888154133662,diag_umi_type2_2user_2layer
