case,ebno_db,rep,eval_seed,transport_blocks,trained_block_errors,ls_block_errors,trained_only_errors,ls_only_errors,both_errors,both_correct,trained_minus_ls_batch_tbler
confirmation_umi_12prb_cell211,6.0,0,2036091501,256,1,0,1,0,0,255,0.00390625
confirmation_umi_12prb_cell211,6.0,1,2036091502,256,8,7,1,0,7,248,0.00390625
confirmation_umi_12prb_cell211,6.0,2,2036091503,256,5,5,0,0,5,251,0.0
confirmation_umi_12prb_cell211,6.0,3,2036091504,256,0,0,0,0,0,256,0.0
confirmation_umi_12prb_cell211,6.0,4,2036091505,256,3,3,0,0,3,253,0.0
confirmation_umi_12prb_cell211,6.0,5,2036091506,256,1,1,1,1,0,254,0.0
confirmation_umi_12prb_cell211,6.0,6,2036091507,256,0,1,0,1,0,255,-0.00390625
confirmation_umi_12prb_cell211,6.0,7,2036091508,256,1,4,0,3,1,252,-0.01171875
confirmation_umi_12prb_cell211,6.0,8,2036091509,256,4,5,0,1,4,251,-0.00390625
confirmation_umi_12prb_cell211,6.0,9,2036091510,256,1,1,0,0,1,255,0.0
confirmation_umi_12prb_cell211,6.0,10,2036091511,256,0,0,0,0,0,256,0.0
confirmation_umi_12prb_cell211,6.0,11,2036091512,256,1,1,0,0,1,255,0.0
confirmation_umi_12prb_cell211,6.0,12,2036091513,256,0,0,0,0,0,256,0.0
confirmation_umi_12prb_cell211,6.0,13,2036091514,256,0,1,0,1,0,255,-0.00390625
confirmation_umi_12prb_cell211,6.0,14,2036091515,256,0,0,0,0,0,256,0.0
confirmation_umi_12prb_cell211,6.0,15,2036091516,256,1,2,0,1,1,254,-0.00390625
confirmation_umi_12prb_cell211,6.0,16,2036091517,256,1,1,0,0,1,255,0.0
confirmation_umi_12prb_cell211,6.0,17,2036091518,256,5,7,0,2,5,249,-0.0078125
confirmation_umi_12prb_cell211,6.0,18,2036091519,256,5,4,1,0,4,251,0.00390625
confirmation_umi_12prb_cell211,6.0,19,2036091520,256,0,1,0,1,0,255,-0.00390625
confirmation_umi_12prb_cell211,6.0,20,2036091521,256,2,2,0,0,2,254,0.0
confirmation_umi_12prb_cell211,6.0,21,2036091522,256,2,2,0,0,2,254,0.0
confirmation_umi_12prb_cell211,6.0,22,2036091523,256,3,4,1,2,2,251,-0.00390625
confirmation_umi_12prb_cell211,6.0,23,2036091524,256,0,0,0,0,0,256,0.0
confirmation_umi_12prb_cell211,6.0,24,2036091525,256,5,5,0,0,5,251,0.0
confirmation_umi_12prb_cell211,6.0,25,2036091526,256,1,1,0,0,1,255,0.0
confirmation_umi_12prb_cell211,6.0,26,2036091527,256,1,1,0,0,1,255,0.0
confirmation_umi_12prb_cell211,6.0,27,2036091528,256,6,6,0,0,6,250,0.0
confirmation_umi_12prb_cell211,6.0,28,2036091529,256,2,1,2,1,0,253,0.00390625
confirmation_umi_12prb_cell211,6.0,29,2036091530,256,3,3,0,0,3,253,0.0
confirmation_umi_12prb_cell211,6.0,30,2036091531,256,5,5,0,0,5,251,0.0
confirmation_umi_12prb_cell211,6.0,31,2036091532,256,3,3,0,0,3,253,0.0
confirmation_umi_12prb_cell211,6.0,32,2036091533,256,3,3,0,0,3,253,0.0
confirmation_umi_12prb_cell211,6.0,33,2036091534,256,4,2,2,0,2,252,0.0078125
confirmation_umi_12prb_cell211,6.0,34,2036091535,256,3,4,0,1,3,252,-0.00390625
confirmation_umi_12prb_cell211,6.0,35,2036091536,256,2,2,0,0,2,254,0.0
confirmation_umi_12prb_cell211,6.0,36,2036091537,256,3,3,0,0,3,253,0.0
confirmation_umi_12prb_cell211,6.0,37,2036091538,256,4,4,0,0,4,252,0.0
confirmation_umi_12prb_cell211,6.0,38,2036091539,256,1,2,0,1,1,254,-0.00390625
confirmation_umi_12prb_cell211,6.0,39,2036091540,256,0,1,0,1,0,255,-0.00390625
confirmation_umi_12prb_cell211,6.0,40,2036091541,256,3,0,3,0,0,253,0.01171875
confirmation_umi_12prb_cell211,6.0,41,2036091542,256,5,6,0,1,5,250,-0.00390625
confirmation_umi_12prb_cell211,6.0,42,2036091543,256,2,2,0,0,2,254,0.0
confirmation_umi_12prb_cell211,6.0,43,2036091544,256,3,2,1,0,2,253,0.00390625
confirmation_umi_12prb_cell211,6.0,44,2036091545,256,0,0,0,0,0,256,0.0
confirmation_umi_12prb_cell211,6.0,45,2036091546,256,1,1,0,0,1,255,0.0
confirmation_umi_12prb_cell211,6.0,46,2036091547,256,2,1,1,0,1,254,0.00390625
confirmation_umi_12prb_cell211,6.0,47,2036091548,256,2,2,0,0,2,254,0.0
confirmation_umi_12prb_cell211,6.0,48,2036091549,256,0,0,0,0,0,256,0.0
confirmation_umi_12prb_cell211,6.0,49,2036091550,256,0,0,0,0,0,256,0.0
confirmation_umi_12prb_cell211,6.0,50,2036091551,256,1,1,1,1,0,254,0.0
confirmation_umi_12prb_cell211,6.0,51,2036091552,256,2,1,1,0,1,254,0.00390625
confirmation_umi_12prb_cell211,6.0,52,2036091553,256,0,2,0,2,0,254,-0.0078125
confirmation_umi_12prb_cell211,6.0,53,2036091554,256,2,1,1,0,1,254,0.00390625
confirmation_umi_12prb_cell211,6.0,54,2036091555,256,1,1,0,0,1,255,0.0
confirmation_umi_12prb_cell211,6.0,55,2036091556,256,6,6,0,0,6,250,0.0
confirmation_umi_12prb_cell211,6.0,56,2036091557,256,0,0,0,0,0,256,0.0
confirmation_umi_12prb_cell211,6.0,57,2036091558,256,0,1,0,1,0,255,-0.00390625
confirmation_umi_12prb_cell211,6.0,58,2036091559,256,0,0,0,0,0,256,0.0
confirmation_umi_12prb_cell211,6.0,59,2036091560,256,1,0,1,0,0,255,0.00390625
confirmation_umi_12prb_cell211,6.0,60,2036091561,256,0,0,0,0,0,256,0.0
confirmation_umi_12prb_cell211,6.0,61,2036091562,256,2,2,0,0,2,254,0.0
confirmation_umi_12prb_cell211,6.0,62,2036091563,256,1,2,0,1,1,254,-0.00390625
confirmation_umi_12prb_cell211,6.0,63,2036091564,256,2,2,0,0,2,254,0.0
confirmation_umi_12prb_cell211,10.0,0,2036101501,256,0,0,0,0,0,256,0.0
confirmation_umi_12prb_cell211,10.0,1,2036101502,256,1,1,0,0,1,255,0.0
confirmation_umi_12prb_cell211,10.0,2,2036101503,256,2,1,1,0,1,254,0.00390625
confirmation_umi_12prb_cell211,10.0,3,2036101504,256,0,0,0,0,0,256,0.0
confirmation_umi_12prb_cell211,10.0,4,2036101505,256,1,1,0,0,1,255,0.0
confirmation_umi_12prb_cell211,10.0,5,2036101506,256,1,1,0,0,1,255,0.0
confirmation_umi_12prb_cell211,10.0,6,2036101507,256,2,1,1,0,1,254,0.00390625
confirmation_umi_12prb_cell211,10.0,7,2036101508,256,3,3,0,0,3,253,0.0
confirmation_umi_12prb_cell211,10.0,8,2036101509,256,2,2,0,0,2,254,0.0
confirmation_umi_12prb_cell211,10.0,9,2036101510,256,2,2,0,0,2,254,0.0
confirmation_umi_12prb_cell211,10.0,10,2036101511,256,0,0,0,0,0,256,0.0
confirmation_umi_12prb_cell211,10.0,11,2036101512,256,0,0,0,0,0,256,0.0
confirmation_umi_12prb_cell211,10.0,12,2036101513,256,4,3,1,0,3,252,0.00390625
confirmation_umi_12prb_cell211,10.0,13,2036101514,256,0,0,0,0,0,256,0.0
confirmation_umi_12prb_cell211,10.0,14,2036101515,256,2,2,0,0,2,254,0.0
confirmation_umi_12prb_cell211,10.0,15,2036101516,256,0,0,0,0,0,256,0.0
confirmation_umi_12prb_cell211,10.0,16,2036101517,256,1,0,1,0,0,255,0.00390625
confirmation_umi_12prb_cell211,10.0,17,2036101518,256,0,0,0,0,0,256,0.0
confirmation_umi_12prb_cell211,10.0,18,2036101519,256,3,2,1,0,2,253,0.00390625
confirmation_umi_12prb_cell211,10.0,19,2036101520,256,1,1,0,0,1,255,0.0
confirmation_umi_12prb_cell211,10.0,20,2036101521,256,1,1,0,0,1,255,0.0
confirmation_umi_12prb_cell211,10.0,21,2036101522,256,0,0,0,0,0,256,0.0
confirmation_umi_12prb_cell211,10.0,22,2036101523,256,1,0,1,0,0,255,0.00390625
confirmation_umi_12prb_cell211,10.0,23,2036101524,256,0,0,0,0,0,256,0.0
confirmation_umi_12prb_cell211,10.0,24,2036101525,256,0,0,0,0,0,256,0.0
confirmation_umi_12prb_cell211,10.0,25,2036101526,256,0,0,0,0,0,256,0.0
confirmation_umi_12prb_cell211,10.0,26,2036101527,256,0,0,0,0,0,256,0.0
confirmation_umi_12prb_cell211,10.0,27,2036101528,256,0,1,0,1,0,255,-0.00390625
confirmation_umi_12prb_cell211,10.0,28,2036101529,256,1,2,0,1,1,254,-0.00390625
confirmation_umi_12prb_cell211,10.0,29,2036101530,256,2,2,0,0,2,254,0.0
confirmation_umi_12prb_cell211,10.0,30,2036101531,256,1,1,0,0,1,255,0.0
confirmation_umi_12prb_cell211,10.0,31,2036101532,256,1,1,0,0,1,255,0.0
confirmation_umi_12prb_cell211,10.0,32,2036101533,256,0,0,0,0,0,256,0.0
confirmation_umi_12prb_cell211,10.0,33,2036101534,256,1,0,1,0,0,255,0.00390625
confirmation_umi_12prb_cell211,10.0,34,2036101535,256,0,0,0,0,0,256,0.0
confirmation_umi_12prb_cell211,10.0,35,2036101536,256,0,0,0,0,0,256,0.0
confirmation_umi_12prb_cell211,10.0,36,2036101537,256,0,0,0,0,0,256,0.0
confirmation_umi_12prb_cell211,10.0,37,2036101538,256,0,0,0,0,0,256,0.0
confirmation_umi_12prb_cell211,10.0,38,2036101539,256,1,1,0,0,1,255,0.0
confirmation_umi_12prb_cell211,10.0,39,2036101540,256,5,5,0,0,5,251,0.0
confirmation_umi_12prb_cell211,10.0,40,2036101541,256,0,1,0,1,0,255,-0.00390625
confirmation_umi_12prb_cell211,10.0,41,2036101542,256,1,1,0,0,1,255,0.0
confirmation_umi_12prb_cell211,10.0,42,2036101543,256,0,0,0,0,0,256,0.0
confirmation_umi_12prb_cell211,10.0,43,2036101544,256,0,0,0,0,0,256,0.0
confirmation_umi_12prb_cell211,10.0,44,2036101545,256,3,2,1,0,2,253,0.00390625
confirmation_umi_12prb_cell211,10.0,45,2036101546,256,0,0,0,0,0,256,0.0
confirmation_umi_12prb_cell211,10.0,46,2036101547,256,1,1,0,0,1,255,0.0
confirmation_umi_12prb_cell211,10.0,47,2036101548,256,1,0,1,0,0,255,0.00390625
confirmation_umi_12prb_cell211,10.0,48,2036101549,256,2,1,1,0,1,254,0.00390625
confirmation_umi_12prb_cell211,10.0,49,2036101550,256,1,1,0,0,1,255,0.0
confirmation_umi_12prb_cell211,10.0,50,2036101551,256,0,0,0,0,0,256,0.0
confirmation_umi_12prb_cell211,10.0,51,2036101552,256,1,2,0,1,1,254,-0.00390625
confirmation_umi_12prb_cell211,10.0,52,2036101553,256,0,0,0,0,0,256,0.0
confirmation_umi_12prb_cell211,10.0,53,2036101554,256,2,2,0,0,2,254,0.0
confirmation_umi_12prb_cell211,10.0,54,2036101555,256,1,1,0,0,1,255,0.0
confirmation_umi_12prb_cell211,10.0,55,2036101556,256,0,0,0,0,0,256,0.0
confirmation_umi_12prb_cell211,10.0,56,2036101557,256,0,0,0,0,0,256,0.0
confirmation_umi_12prb_cell211,10.0,57,2036101558,256,1,1,0,0,1,255,0.0
confirmation_umi_12prb_cell211,10.0,58,2036101559,256,6,6,0,0,6,250,0.0
confirmation_umi_12prb_cell211,10.0,59,2036101560,256,0,0,0,0,0,256,0.0
confirmation_umi_12prb_cell211,10.0,60,2036101561,256,0,0,0,0,0,256,0.0
confirmation_umi_12prb_cell211,10.0,61,2036101562,256,0,0,0,0,0,256,0.0
confirmation_umi_12prb_cell211,10.0,62,2036101563,256,0,1,0,1,0,255,-0.00390625
confirmation_umi_12prb_cell211,10.0,63,2036101564,256,4,4,0,0,4,252,0.0
confirmation_umi_12prb_cell211,14.0,0,2036111501,256,2,2,0,0,2,254,0.0
confirmation_umi_12prb_cell211,14.0,1,2036111502,256,0,1,0,1,0,255,-0.00390625
confirmation_umi_12prb_cell211,14.0,2,2036111503,256,0,0,0,0,0,256,0.0
confirmation_umi_12prb_cell211,14.0,3,2036111504,256,0,0,0,0,0,256,0.0
confirmation_umi_12prb_cell211,14.0,4,2036111505,256,1,1,0,0,1,255,0.0
confirmation_umi_12prb_cell211,14.0,5,2036111506,256,4,4,0,0,4,252,0.0
confirmation_umi_12prb_cell211,14.0,6,2036111507,256,0,0,0,0,0,256,0.0
confirmation_umi_12prb_cell211,14.0,7,2036111508,256,0,0,0,0,0,256,0.0
confirmation_umi_12prb_cell211,14.0,8,2036111509,256,0,0,0,0,0,256,0.0
confirmation_umi_12prb_cell211,14.0,9,2036111510,256,0,0,0,0,0,256,0.0
confirmation_umi_12prb_cell211,14.0,10,2036111511,256,1,1,0,0,1,255,0.0
confirmation_umi_12prb_cell211,14.0,11,2036111512,256,0,0,0,0,0,256,0.0
confirmation_umi_12prb_cell211,14.0,12,2036111513,256,0,0,0,0,0,256,0.0
confirmation_umi_12prb_cell211,14.0,13,2036111514,256,3,4,0,1,3,252,-0.00390625
confirmation_umi_12prb_cell211,14.0,14,2036111515,256,0,0,0,0,0,256,0.0
confirmation_umi_12prb_cell211,14.0,15,2036111516,256,0,1,0,1,0,255,-0.00390625
confirmation_umi_12prb_cell211,14.0,16,2036111517,256,0,0,0,0,0,256,0.0
confirmation_umi_12prb_cell211,14.0,17,2036111518,256,2,1,1,0,1,254,0.00390625
confirmation_umi_12prb_cell211,14.0,18,2036111519,256,1,1,0,0,1,255,0.0
confirmation_umi_12prb_cell211,14.0,19,2036111520,256,0,0,0,0,0,256,0.0
confirmation_umi_12prb_cell211,14.0,20,2036111521,256,2,2,0,0,2,254,0.0
confirmation_umi_12prb_cell211,14.0,21,2036111522,256,2,3,0,1,2,253,-0.00390625
confirmation_umi_12prb_cell211,14.0,22,2036111523,256,2,3,0,1,2,253,-0.00390625
confirmation_umi_12prb_cell211,14.0,23,2036111524,256,0,1,0,1,0,255,-0.00390625
confirmation_umi_12prb_cell211,14.0,24,2036111525,256,0,0,0,0,0,256,0.0
confirmation_umi_12prb_cell211,14.0,25,2036111526,256,0,0,0,0,0,256,0.0
confirmation_umi_12prb_cell211,14.0,26,2036111527,256,0,0,0,0,0,256,0.0
confirmation_umi_12prb_cell211,14.0,27,2036111528,256,1,2,0,1,1,254,-0.00390625
confirmation_umi_12prb_cell211,14.0,28,2036111529,256,0,0,0,0,0,256,0.0
confirmation_umi_12prb_cell211,14.0,29,2036111530,256,0,0,0,0,0,256,0.0
confirmation_umi_12prb_cell211,14.0,30,2036111531,256,0,0,0,0,0,256,0.0
confirmation_umi_12prb_cell211,14.0,31,2036111532,256,3,4,0,1,3,252,-0.00390625
confirmation_umi_12prb_cell211,14.0,32,2036111533,256,0,1,0,1,0,255,-0.00390625
confirmation_umi_12prb_cell211,14.0,33,2036111534,256,0,0,0,0,0,256,0.0
confirmation_umi_12prb_cell211,14.0,34,2036111535,256,3,4,0,1,3,252,-0.00390625
confirmation_umi_12prb_cell211,14.0,35,2036111536,256,4,4,1,1,3,251,0.0
confirmation_umi_12prb_cell211,14.0,36,2036111537,256,0,0,0,0,0,256,0.0
confirmation_umi_12prb_cell211,14.0,37,2036111538,256,0,0,0,0,0,256,0.0
confirmation_umi_12prb_cell211,14.0,38,2036111539,256,2,2,0,0,2,254,0.0
confirmation_umi_12prb_cell211,14.0,39,2036111540,256,0,1,0,1,0,255,-0.00390625
confirmation_umi_12prb_cell211,14.0,40,2036111541,256,2,2,0,0,2,254,0.0
confirmation_umi_12prb_cell211,14.0,41,2036111542,256,2,2,0,0,2,254,0.0
confirmation_umi_12prb_cell211,14.0,42,2036111543,256,0,0,0,0,0,256,0.0
confirmation_umi_12prb_cell211,14.0,43,2036111544,256,0,0,0,0,0,256,0.0
confirmation_umi_12prb_cell211,14.0,44,2036111545,256,0,1,0,1,0,255,-0.00390625
confirmation_umi_12prb_cell211,14.0,45,2036111546,256,2,3,0,1,2,253,-0.00390625
confirmation_umi_12prb_cell211,14.0,46,2036111547,256,2,2,0,0,2,254,0.0
confirmation_umi_12prb_cell211,14.0,47,2036111548,256,0,1,0,1,0,255,-0.00390625
confirmation_umi_12prb_cell211,14.0,48,2036111549,256,5,4,1,0,4,251,0.00390625
confirmation_umi_12prb_cell211,14.0,49,2036111550,256,1,1,0,0,1,255,0.0
confirmation_umi_12prb_cell211,14.0,50,2036111551,256,0,0,0,0,0,256,0.0
confirmation_umi_12prb_cell211,14.0,51,2036111552,256,0,0,0,0,0,256,0.0
confirmation_umi_12prb_cell211,14.0,52,2036111553,256,0,0,0,0,0,256,0.0
confirmation_umi_12prb_cell211,14.0,53,2036111554,256,0,0,0,0,0,256,0.0
confirmation_umi_12prb_cell211,14.0,54,2036111555,256,1,1,0,0,1,255,0.0
confirmation_umi_12prb_cell211,14.0,55,2036111556,256,0,0,0,0,0,256,0.0
confirmation_umi_12prb_cell211,14.0,56,2036111557,256,0,1,0,1,0,255,-0.00390625
confirmation_umi_12prb_cell211,14.0,57,2036111558,256,0,0,0,0,0,256,0.0
confirmation_umi_12prb_cell211,14.0,58,2036111559,256,0,0,0,0,0,256,0.0
confirmation_umi_12prb_cell211,14.0,59,2036111560,256,0,0,0,0,0,256,0.0
confirmation_umi_12prb_cell211,14.0,60,2036111561,256,4,4,0,0,4,252,0.0
confirmation_umi_12prb_cell211,14.0,61,2036111562,256,0,0,0,0,0,256,0.0
confirmation_umi_12prb_cell211,14.0,62,2036111563,256,1,1,0,0,1,255,0.0
confirmation_umi_12prb_cell211,14.0,63,2036111564,256,2,2,1,1,1,253,0.0
confirmation_umi_12prb_cell212_permuted_ports,6.0,0,2037091501,256,2,2,0,0,2,254,0.0
confirmation_umi_12prb_cell212_permuted_ports,6.0,1,2037091502,256,2,3,0,1,2,253,-0.00390625
confirmation_umi_12prb_cell212_permuted_ports,6.0,2,2037091503,256,2,2,0,0,2,254,0.0
confirmation_umi_12prb_cell212_permuted_ports,6.0,3,2037091504,256,1,1,0,0,1,255,0.0
confirmation_umi_12prb_cell212_permuted_ports,6.0,4,2037091505,256,0,1,0,1,0,255,-0.00390625
confirmation_umi_12prb_cell212_permuted_ports,6.0,5,2037091506,256,1,2,0,1,1,254,-0.00390625
confirmation_umi_12prb_cell212_permuted_ports,6.0,6,2037091507,256,2,2,0,0,2,254,0.0
confirmation_umi_12prb_cell212_permuted_ports,6.0,7,2037091508,256,1,1,0,0,1,255,0.0
confirmation_umi_12prb_cell212_permuted_ports,6.0,8,2037091509,256,0,0,0,0,0,256,0.0
confirmation_umi_12prb_cell212_permuted_ports,6.0,9,2037091510,256,1,1,0,0,1,255,0.0
confirmation_umi_12prb_cell212_permuted_ports,6.0,10,2037091511,256,0,0,0,0,0,256,0.0
confirmation_umi_12prb_cell212_permuted_ports,6.0,11,2037091512,256,0,0,0,0,0,256,0.0
confirmation_umi_12prb_cell212_permuted_ports,6.0,12,2037091513,256,5,6,0,1,5,250,-0.00390625
confirmation_umi_12prb_cell212_permuted_ports,6.0,13,2037091514,256,1,1,0,0,1,255,0.0
confirmation_umi_12prb_cell212_permuted_ports,6.0,14,2037091515,256,0,0,0,0,0,256,0.0
confirmation_umi_12prb_cell212_permuted_ports,6.0,15,2037091516,256,3,3,0,0,3,253,0.0
confirmation_umi_12prb_cell212_permuted_ports,6.0,16,2037091517,256,3,3,0,0,3,253,0.0
confirmation_umi_12prb_cell212_permuted_ports,6.0,17,2037091518,256,2,2,0,0,2,254,0.0
confirmation_umi_12prb_cell212_permuted_ports,6.0,18,2037091519,256,1,2,0,1,1,254,-0.00390625
confirmation_umi_12prb_cell212_permuted_ports,6.0,19,2037091520,256,3,3,0,0,3,253,0.0
confirmation_umi_12prb_cell212_permuted_ports,6.0,20,2037091521,256,1,1,0,0,1,255,0.0
confirmation_umi_12prb_cell212_permuted_ports,6.0,21,2037091522,256,0,0,0,0,0,256,0.0
confirmation_umi_12prb_cell212_permuted_ports,6.0,22,2037091523,256,2,3,0,1,2,253,-0.00390625
confirmation_umi_12prb_cell212_permuted_ports,6.0,23,2037091524,256,2,4,0,2,2,252,-0.0078125
confirmation_umi_12prb_cell212_permuted_ports,6.0,24,2037091525,256,0,0,0,0,0,256,0.0
confirmation_umi_12prb_cell212_permuted_ports,6.0,25,2037091526,256,3,4,0,1,3,252,-0.00390625
confirmation_umi_12prb_cell212_permuted_ports,6.0,26,2037091527,256,1,1,0,0,1,255,0.0
confirmation_umi_12prb_cell212_permuted_ports,6.0,27,2037091528,256,1,1,0,0,1,255,0.0
confirmation_umi_12prb_cell212_permuted_ports,6.0,28,2037091529,256,3,3,0,0,3,253,0.0
confirmation_umi_12prb_cell212_permuted_ports,6.0,29,2037091530,256,0,0,0,0,0,256,0.0
confirmation_umi_12prb_cell212_permuted_ports,6.0,30,2037091531,256,1,2,0,1,1,254,-0.00390625
confirmation_umi_12prb_cell212_permuted_ports,6.0,31,2037091532,256,5,4,1,0,4,251,0.00390625
confirmation_umi_12prb_cell212_permuted_ports,6.0,32,2037091533,256,1,1,0,0,1,255,0.0
confirmation_umi_12prb_cell212_permuted_ports,6.0,33,2037091534,256,0,0,0,0,0,256,0.0
confirmation_umi_12prb_cell212_permuted_ports,6.0,34,2037091535,256,2,2,0,0,2,254,0.0
confirmation_umi_12prb_cell212_permuted_ports,6.0,35,2037091536,256,1,0,1,0,0,255,0.00390625
confirmation_umi_12prb_cell212_permuted_ports,6.0,36,2037091537,256,2,3,0,1,2,253,-0.00390625
confirmation_umi_12prb_cell212_permuted_ports,6.0,37,2037091538,256,3,3,0,0,3,253,0.0
confirmation_umi_12prb_cell212_permuted_ports,6.0,38,2037091539,256,2,1,1,0,1,254,0.00390625
confirmation_umi_12prb_cell212_permuted_ports,6.0,39,2037091540,256,1,0,1,0,0,255,0.00390625
confirmation_umi_12prb_cell212_permuted_ports,6.0,40,2037091541,256,1,1,0,0,1,255,0.0
confirmation_umi_12prb_cell212_permuted_ports,6.0,41,2037091542,256,1,1,0,0,1,255,0.0
confirmation_umi_12prb_cell212_permuted_ports,6.0,42,2037091543,256,0,0,0,0,0,256,0.0
confirmation_umi_12prb_cell212_permuted_ports,6.0,43,2037091544,256,1,0,1,0,0,255,0.00390625
confirmation_umi_12prb_cell212_permuted_ports,6.0,44,2037091545,256,6,2,4,0,2,250,0.015625
confirmation_umi_12prb_cell212_permuted_ports,6.0,45,2037091546,256,4,4,0,0,4,252,0.0
confirmation_umi_12prb_cell212_permuted_ports,6.0,46,2037091547,256,1,3,0,2,1,253,-0.0078125
confirmation_umi_12prb_cell212_permuted_ports,6.0,47,2037091548,256,5,4,1,0,4,251,0.00390625
confirmation_umi_12prb_cell212_permuted_ports,6.0,48,2037091549,256,0,2,0,2,0,254,-0.0078125
confirmation_umi_12prb_cell212_permuted_ports,6.0,49,2037091550,256,2,2,0,0,2,254,0.0
confirmation_umi_12prb_cell212_permuted_ports,6.0,50,2037091551,256,3,5,1,3,2,250,-0.0078125
confirmation_umi_12prb_cell212_permuted_ports,6.0,51,2037091552,256,2,1,1,0,1,254,0.00390625
confirmation_umi_12prb_cell212_permuted_ports,6.0,52,2037091553,256,3,2,1,0,2,253,0.00390625
confirmation_umi_12prb_cell212_permuted_ports,6.0,53,2037091554,256,1,1,0,0,1,255,0.0
confirmation_umi_12prb_cell212_permuted_ports,6.0,54,2037091555,256,4,3,1,0,3,252,0.00390625
confirmation_umi_12prb_cell212_permuted_ports,6.0,55,2037091556,256,0,3,0,3,0,253,-0.01171875
confirmation_umi_12prb_cell212_permuted_ports,6.0,56,2037091557,256,4,4,0,0,4,252,0.0
confirmation_umi_12prb_cell212_permuted_ports,6.0,57,2037091558,256,2,2,1,1,1,253,0.0
confirmation_umi_12prb_cell212_permuted_ports,6.0,58,2037091559,256,0,0,0,0,0,256,0.0
confirmation_umi_12prb_cell212_permuted_ports,6.0,59,2037091560,256,3,3,0,0,3,253,0.0
confirmation_umi_12prb_cell212_permuted_ports,6.0,60,2037091561,256,0,0,0,0,0,256,0.0
confirmation_umi_12prb_cell212_permuted_ports,6.0,61,2037091562,256,3,3,0,0,3,253,0.0
confirmation_umi_12prb_cell212_permuted_ports,6.0,62,2037091563,256,1,1,0,0,1,255,0.0
confirmation_umi_12prb_cell212_permuted_ports,6.0,63,2037091564,256,2,2,0,0,2,254,0.0
confirmation_umi_12prb_cell212_permuted_ports,10.0,0,2037101501,256,0,0,0,0,0,256,0.0
confirmation_umi_12prb_cell212_permuted_ports,10.0,1,2037101502,256,0,1,0,1,0,255,-0.00390625
confirmation_umi_12prb_cell212_permuted_ports,10.0,2,2037101503,256,2,2,0,0,2,254,0.0
confirmation_umi_12prb_cell212_permuted_ports,10.0,3,2037101504,256,3,2,1,0,2,253,0.00390625
confirmation_umi_12prb_cell212_permuted_ports,10.0,4,2037101505,256,0,0,0,0,0,256,0.0
confirmation_umi_12prb_cell212_permuted_ports,10.0,5,2037101506,256,0,0,0,0,0,256,0.0
confirmation_umi_12prb_cell212_permuted_ports,10.0,6,2037101507,256,0,0,0,0,0,256,0.0
confirmation_umi_12prb_cell212_permuted_ports,10.0,7,2037101508,256,0,0,0,0,0,256,0.0
confirmation_umi_12prb_cell212_permuted_ports,10.0,8,2037101509,256,3,2,1,0,2,253,0.00390625
confirmation_umi_12prb_cell212_permuted_ports,10.0,9,2037101510,256,1,1,0,0,1,255,0.0
confirmation_umi_12prb_cell212_permuted_ports,10.0,10,2037101511,256,1,1,0,0,1,255,0.0
confirmation_umi_12prb_cell212_permuted_ports,10.0,11,2037101512,256,0,0,0,0,0,256,0.0
confirmation_umi_12prb_cell212_permuted_ports,10.0,12,2037101513,256,1,2,0,1,1,254,-0.00390625
confirmation_umi_12prb_cell212_permuted_ports,10.0,13,2037101514,256,2,2,0,0,2,254,0.0
confirmation_umi_12prb_cell212_permuted_ports,10.0,14,2037101515,256,0,0,0,0,0,256,0.0
confirmation_umi_12prb_cell212_permuted_ports,10.0,15,2037101516,256,2,1,1,0,1,254,0.00390625
confirmation_umi_12prb_cell212_permuted_ports,10.0,16,2037101517,256,0,0,0,0,0,256,0.0
confirmation_umi_12prb_cell212_permuted_ports,10.0,17,2037101518,256,0,0,0,0,0,256,0.0
confirmation_umi_12prb_cell212_permuted_ports,10.0,18,2037101519,256,0,0,0,0,0,256,0.0
confirmation_umi_12prb_cell212_permuted_ports,10.0,19,2037101520,256,0,0,0,0,0,256,0.0
confirmation_umi_12prb_cell212_permuted_ports,10.0,20,2037101521,256,0,0,0,0,0,256,0.0
confirmation_umi_12prb_cell212_permuted_ports,10.0,21,2037101522,256,0,0,0,0,0,256,0.0
confirmation_umi_12prb_cell212_permuted_ports,10.0,22,2037101523,256,0,0,0,0,0,256,0.0
confirmation_umi_12prb_cell212_permuted_ports,10.0,23,2037101524,256,2,2,0,0,2,254,0.0
confirmation_umi_12prb_cell212_permuted_ports,10.0,24,2037101525,256,1,1,0,0,1,255,0.0
confirmation_umi_12prb_cell212_permuted_ports,10.0,25,2037101526,256,2,2,0,0,2,254,0.0
confirmation_umi_12prb_cell212_permuted_ports,10.0,26,2037101527,256,0,0,0,0,0,256,0.0
confirmation_umi_12prb_cell212_permuted_ports,10.0,27,2037101528,256,2,0,2,0,0,254,0.0078125
confirmation_umi_12prb_cell212_permuted_ports,10.0,28,2037101529,256,2,2,0,0,2,254,0.0
confirmation_umi_12prb_cell212_permuted_ports,10.0,29,2037101530,256,0,0,0,0,0,256,0.0
confirmation_umi_12prb_cell212_permuted_ports,10.0,30,2037101531,256,0,0,0,0,0,256,0.0
confirmation_umi_12prb_cell212_permuted_ports,10.0,31,2037101532,256,1,1,0,0,1,255,0.0
confirmation_umi_12prb_cell212_permuted_ports,10.0,32,2037101533,256,1,1,1,1,0,254,0.0
confirmation_umi_12prb_cell212_permuted_ports,10.0,33,2037101534,256,1,0,1,0,0,255,0.00390625
confirmation_umi_12prb_cell212_permuted_ports,10.0,34,2037101535,256,0,0,0,0,0,256,0.0
confirmation_umi_12prb_cell212_permuted_ports,10.0,35,2037101536,256,2,0,2,0,0,254,0.0078125
confirmation_umi_12prb_cell212_permuted_ports,10.0,36,2037101537,256,1,1,0,0,1,255,0.0
confirmation_umi_12prb_cell212_permuted_ports,10.0,37,2037101538,256,4,4,0,0,4,252,0.0
confirmation_umi_12prb_cell212_permuted_ports,10.0,38,2037101539,256,0,0,0,0,0,256,0.0
confirmation_umi_12prb_cell212_permuted_ports,10.0,39,2037101540,256,0,0,0,0,0,256,0.0
confirmation_umi_12prb_cell212_permuted_ports,10.0,40,2037101541,256,0,0,0,0,0,256,0.0
confirmation_umi_12prb_cell212_permuted_ports,10.0,41,2037101542,256,0,0,0,0,0,256,0.0
confirmation_umi_12prb_cell212_permuted_ports,10.0,42,2037101543,256,0,0,0,0,0,256,0.0
confirmation_umi_12prb_cell212_permuted_ports,10.0,43,2037101544,256,0,0,0,0,0,256,0.0
confirmation_umi_12prb_cell212_permuted_ports,10.0,44,2037101545,256,2,2,0,0,2,254,0.0
confirmation_umi_12prb_cell212_permuted_ports,10.0,45,2037101546,256,0,0,0,0,0,256,0.0
confirmation_umi_12prb_cell212_permuted_ports,10.0,46,2037101547,256,0,0,0,0,0,256,0.0
confirmation_umi_12prb_cell212_permuted_ports,10.0,47,2037101548,256,0,1,0,1,0,255,-0.00390625
confirmation_umi_12prb_cell212_permuted_ports,10.0,48,2037101549,256,1,1,0,0,1,255,0.0
confirmation_umi_12prb_cell212_permuted_ports,10.0,49,2037101550,256,0,0,0,0,0,256,0.0
confirmation_umi_12prb_cell212_permuted_ports,10.0,50,2037101551,256,0,1,0,1,0,255,-0.00390625
confirmation_umi_12prb_cell212_permuted_ports,10.0,51,2037101552,256,0,0,0,0,0,256,0.0
confirmation_umi_12prb_cell212_permuted_ports,10.0,52,2037101553,256,2,1,1,0,1,254,0.00390625
confirmation_umi_12prb_cell212_permuted_ports,10.0,53,2037101554,256,0,0,0,0,0,256,0.0
confirmation_umi_12prb_cell212_permuted_ports,10.0,54,2037101555,256,4,5,0,1,4,251,-0.00390625
confirmation_umi_12prb_cell212_permuted_ports,10.0,55,2037101556,256,0,0,0,0,0,256,0.0
confirmation_umi_12prb_cell212_permuted_ports,10.0,56,2037101557,256,0,0,0,0,0,256,0.0
confirmation_umi_12prb_cell212_permuted_ports,10.0,57,2037101558,256,2,2,0,0,2,254,0.0
confirmation_umi_12prb_cell212_permuted_ports,10.0,58,2037101559,256,1,0,1,0,0,255,0.00390625
confirmation_umi_12prb_cell212_permuted_ports,10.0,59,2037101560,256,2,2,0,0,2,254,0.0
confirmation_umi_12prb_cell212_permuted_ports,10.0,60,2037101561,256,2,0,2,0,0,254,0.0078125
confirmation_umi_12prb_cell212_permuted_ports,10.0,61,2037101562,256,2,2,0,0,2,254,0.0
confirmation_umi_12prb_cell212_permuted_ports,10.0,62,2037101563,256,5,4,1,0,4,251,0.00390625
confirmation_umi_12prb_cell212_permuted_ports,10.0,63,2037101564,256,0,0,0,0,0,256,0.0
confirmation_umi_12prb_cell212_permuted_ports,14.0,0,2037111501,256,0,0,0,0,0,256,0.0
confirmation_umi_12prb_cell212_permuted_ports,14.0,1,2037111502,256,0,1,0,1,0,255,-0.00390625
confirmation_umi_12prb_cell212_permuted_ports,14.0,2,2037111503,256,0,0,0,0,0,256,0.0
confirmation_umi_12prb_cell212_permuted_ports,14.0,3,2037111504,256,5,5,0,0,5,251,0.0
confirmation_umi_12prb_cell212_permuted_ports,14.0,4,2037111505,256,1,0,1,0,0,255,0.00390625
confirmation_umi_12prb_cell212_permuted_ports,14.0,5,2037111506,256,0,0,0,0,0,256,0.0
confirmation_umi_12prb_cell212_permuted_ports,14.0,6,2037111507,256,0,0,0,0,0,256,0.0
confirmation_umi_12prb_cell212_permuted_ports,14.0,7,2037111508,256,1,1,0,0,1,255,0.0
confirmation_umi_12prb_cell212_permuted_ports,14.0,8,2037111509,256,1,1,0,0,1,255,0.0
confirmation_umi_12prb_cell212_permuted_ports,14.0,9,2037111510,256,0,0,0,0,0,256,0.0
confirmation_umi_12prb_cell212_permuted_ports,14.0,10,2037111511,256,0,0,0,0,0,256,0.0
confirmation_umi_12prb_cell212_permuted_ports,14.0,11,2037111512,256,1,1,0,0,1,255,0.0
confirmation_umi_12prb_cell212_permuted_ports,14.0,12,2037111513,256,0,0,0,0,0,256,0.0
confirmation_umi_12prb_cell212_permuted_ports,14.0,13,2037111514,256,0,0,0,0,0,256,0.0
confirmation_umi_12prb_cell212_permuted_ports,14.0,14,2037111515,256,0,1,0,1,0,255,-0.00390625
confirmation_umi_12prb_cell212_permuted_ports,14.0,15,2037111516,256,0,2,0,2,0,254,-0.0078125
confirmation_umi_12prb_cell212_permuted_ports,14.0,16,2037111517,256,1,1,0,0,1,255,0.0
confirmation_umi_12prb_cell212_permuted_ports,14.0,17,2037111518,256,0,0,0,0,0,256,0.0
confirmation_umi_12prb_cell212_permuted_ports,14.0,18,2037111519,256,0,0,0,0,0,256,0.0
confirmation_umi_12prb_cell212_permuted_ports,14.0,19,2037111520,256,1,3,0,2,1,253,-0.0078125
confirmation_umi_12prb_cell212_permuted_ports,14.0,20,2037111521,256,0,0,0,0,0,256,0.0
confirmation_umi_12prb_cell212_permuted_ports,14.0,21,2037111522,256,0,1,0,1,0,255,-0.00390625
confirmation_umi_12prb_cell212_permuted_ports,14.0,22,2037111523,256,0,0,0,0,0,256,0.0
confirmation_umi_12prb_cell212_permuted_ports,14.0,23,2037111524,256,1,1,0,0,1,255,0.0
confirmation_umi_12prb_cell212_permuted_ports,14.0,24,2037111525,256,1,0,1,0,0,255,0.00390625
confirmation_umi_12prb_cell212_permuted_ports,14.0,25,2037111526,256,0,0,0,0,0,256,0.0
confirmation_umi_12prb_cell212_permuted_ports,14.0,26,2037111527,256,0,1,0,1,0,255,-0.00390625
confirmation_umi_12prb_cell212_permuted_ports,14.0,27,2037111528,256,1,1,0,0,1,255,0.0
confirmation_umi_12prb_cell212_permuted_ports,14.0,28,2037111529,256,3,3,0,0,3,253,0.0
confirmation_umi_12prb_cell212_permuted_ports,14.0,29,2037111530,256,0,0,0,0,0,256,0.0
confirmation_umi_12prb_cell212_permuted_ports,14.0,30,2037111531,256,0,0,0,0,0,256,0.0
confirmation_umi_12prb_cell212_permuted_ports,14.0,31,2037111532,256,0,0,0,0,0,256,0.0
confirmation_umi_12prb_cell212_permuted_ports,14.0,32,2037111533,256,0,0,0,0,0,256,0.0
confirmation_umi_12prb_cell212_permuted_ports,14.0,33,2037111534,256,0,0,0,0,0,256,0.0
confirmation_umi_12prb_cell212_permuted_ports,14.0,34,2037111535,256,0,0,0,0,0,256,0.0
confirmation_umi_12prb_cell212_permuted_ports,14.0,35,2037111536,256,1,4,0,3,1,252,-0.01171875
confirmation_umi_12prb_cell212_permuted_ports,14.0,36,2037111537,256,0,0,0,0,0,256,0.0
confirmation_umi_12prb_cell212_permuted_ports,14.0,37,2037111538,256,0,1,0,1,0,255,-0.00390625
confirmation_umi_12prb_cell212_permuted_ports,14.0,38,2037111539,256,0,0,0,0,0,256,0.0
confirmation_umi_12prb_cell212_permuted_ports,14.0,39,2037111540,256,0,0,0,0,0,256,0.0
confirmation_umi_12prb_cell212_permuted_ports,14.0,40,2037111541,256,1,1,0,0,1,255,0.0
confirmation_umi_12prb_cell212_permuted_ports,14.0,41,2037111542,256,1,1,0,0,1,255,0.0
confirmation_umi_12prb_cell212_permuted_ports,14.0,42,2037111543,256,0,0,0,0,0,256,0.0
confirmation_umi_12prb_cell212_permuted_ports,14.0,43,2037111544,256,1,1,0,0,1,255,0.0
confirmation_umi_12prb_cell212_permuted_ports,14.0,44,2037111545,256,3,4,0,1,3,252,-0.00390625
confirmation_umi_12prb_cell212_permuted_ports,14.0,45,2037111546,256,1,1,0,0,1,255,0.0
confirmation_umi_12prb_cell212_permuted_ports,14.0,46,2037111547,256,0,1,0,1,0,255,-0.00390625
confirmation_umi_12prb_cell212_permuted_ports,14.0,47,2037111548,256,0,0,0,0,0,256,0.0
confirmation_umi_12prb_cell212_permuted_ports,14.0,48,2037111549,256,0,0,0,0,0,256,0.0
confirmation_umi_12prb_cell212_permuted_ports,14.0,49,2037111550,256,1,1,0,0,1,255,0.0
confirmation_umi_12prb_cell212_permuted_ports,14.0,50,2037111551,256,0,0,0,0,0,256,0.0
confirmation_umi_12prb_cell212_permuted_ports,14.0,51,2037111552,256,0,0,0,0,0,256,0.0
confirmation_umi_12prb_cell212_permuted_ports,14.0,52,2037111553,256,0,0,0,0,0,256,0.0
confirmation_umi_12prb_cell212_permuted_ports,14.0,53,2037111554,256,2,2,0,0,2,254,0.0
confirmation_umi_12prb_cell212_permuted_ports,14.0,54,2037111555,256,0,0,0,0,0,256,0.0
confirmation_umi_12prb_cell212_permuted_ports,14.0,55,2037111556,256,0,1,0,1,0,255,-0.00390625
confirmation_umi_12prb_cell212_permuted_ports,14.0,56,2037111557,256,2,4,0,2,2,252,-0.0078125
confirmation_umi_12prb_cell212_permuted_ports,14.0,57,2037111558,256,0,0,0,0,0,256,0.0
confirmation_umi_12prb_cell212_permuted_ports,14.0,58,2037111559,256,0,0,0,0,0,256,0.0
confirmation_umi_12prb_cell212_permuted_ports,14.0,59,2037111560,256,1,1,0,0,1,255,0.0
confirmation_umi_12prb_cell212_permuted_ports,14.0,60,2037111561,256,2,2,0,0,2,254,0.0
confirmation_umi_12prb_cell212_permuted_ports,14.0,61,2037111562,256,1,1,0,0,1,255,0.0
confirmation_umi_12prb_cell212_permuted_ports,14.0,62,2037111563,256,1,1,0,0,1,255,0.0
confirmation_umi_12prb_cell212_permuted_ports,14.0,63,2037111564,256,0,0,0,0,0,256,0.0
